filename,Coccidiosis,Healthy,Newcastle Disease,Salmonella
healthy_131_jpg.rf.e39440a0ad4aca63c91ccc823ea64018.jpg,0,1,0,0
salmo_45_jpg.rf.fe7f18008b0616624d1de554242c3946.jpg,0,0,0,1
ncd_101_jpg.rf.e0985fa75ad848b01f367ed326b186df.jpg,0,0,1,0
ncd_172_jpg.rf.d26c1282b765fedbc41a50d5643a9744.jpg,0,0,1,0
ncd_153_jpg.rf.c0b2777a2d328bbd4f828ec53b95e7a2.jpg,0,0,1,0
cocci_59_jpg.rf.6f07dbf990fa1d7052703919bff4feef.jpg,1,0,0,0
healthy_161_jpg.rf.cc5a3c38cdfae5e557315163ee753891.jpg,0,1,0,0
ncd_244_jpg.rf.678eb79d62143eaf43be7e1768685dd3.jpg,0,0,1,0
cocci_112_jpg.rf.f3760e0090d1e4c4c468da74ebaf7072.jpg,1,0,0,0
healthy_155_jpg.rf.0d5d4af77939d94e39d1b60dbd1f2b52.jpg,0,1,0,0
cocci_77_jpg.rf.a72e29b4af588bd6c778cda5fd5fa2da.jpg,1,0,0,0
healthy_131_jpg.rf.b83c4b3b1b9483e88f22308bbe33e76d.jpg,0,1,0,0
healthy_53_jpg.rf.9cf59200b30bb023735903c2a4ae156a.jpg,0,1,0,0
healthy_75_jpg.rf.3a6e4b2d9f5e333e9caa6b24e37c44e4.jpg,0,1,0,0
cocci_22_jpg.rf.7f65edcc638c79c683c007848492f95d.jpg,1,0,0,0
salmo_196_jpg.rf.1a17788977939e0efad04dbd62c63b41.jpg,0,0,0,1
healthy_31_jpg.rf.ad29344740da170150b8e44f25b56c05.jpg,0,1,0,0
healthy_32_jpg.rf.1afb9271ecfd709254ddc73303206b6a.jpg,0,1,0,0
healthy_159_jpg.rf.f03ed1c0cdc4c69f44d9ea5f0f5e1831.jpg,0,1,0,0
salmo_129_jpg.rf.e0dfc015a2d4e4c214bffca4b7143fb5.jpg,0,0,0,1
ncd_23_jpg.rf.e5366fb89a11a75635fe34b6f075e7f0.jpg,0,0,1,0
healthy_130_jpg.rf.543f18fde0ade71f3f3982ae799be7d1.jpg,0,1,0,0
ncd_176_jpg.rf.ec42fd3b750b0eb48502a185604f5c5c.jpg,0,0,1,0
ncd_164_jpg.rf.274bb686dd3b4c4f916aba343401beca.jpg,0,0,1,0
ncd_186_jpg.rf.25fce1a4c1d3b3fe74f64c9f74d03303.jpg,0,0,1,0
cocci_148_jpg.rf.6f18818e4dec3a058d491b8a82d5a3e4.jpg,1,0,0,0
cocci_87_jpg.rf.82d425bbb62f8938fdb1025ad10b3693.jpg,1,0,0,0
healthy_12_jpg.rf.11e7a689853cd3b09856dd54dc430e3c.jpg,0,1,0,0
cocci_158_jpg.rf.ec47d403acbbd4fd5db4cb540be6dd69.jpg,1,0,0,0
ncd_32_jpg.rf.2572749ee3fd481e1ecad5f609c2f6fc.jpg,0,0,1,0
salmo_78_jpg.rf.3e157dcf15e91b057f0807f673849596.jpg,0,0,0,1
healthy_69_jpg.rf.567d14630e8a5c00310566ec305c396b.jpg,0,1,0,0
healthy_49_jpg.rf.5266031e58c19b537a6fed93485c1849.jpg,0,1,0,0
healthy_168_jpg.rf.6e0771ea6c1a8e98e59e8ee26b19b29e.jpg,0,1,0,0
salmo_140_jpg.rf.294b9e90d193beda0111c99f25e40b4b.jpg,0,0,0,1
healthy_145_jpg.rf.b05b3f83f09a4176a97ffc240d61d53a.jpg,0,1,0,0
salmo_177_jpg.rf.383772d85fec369f0236ea74d0500913.jpg,0,0,0,1
cocci_60_jpg.rf.baea536b0b7621c19c3536f38de40543.jpg,1,0,0,0
healthy_160_jpg.rf.faf753b18b8758198dad661e86674c94.jpg,0,1,0,0
salmo_47_jpg.rf.67502edbf9dab4628df0e2d15bf9af02.jpg,0,0,0,1
healthy_10_jpg.rf.08653f934504736c35b475b5ffb4a5d2.jpg,0,1,0,0
salmo_150_jpg.rf.9b646319ee03fc6413bddc4d0268b80b.jpg,0,0,0,1
ncd_100_jpg.rf.41727b993ad8a072e7b7db79567d19be.jpg,0,0,1,0
cocci_59_jpg.rf.25f1e79f814c7c7d7474aad2b17b3cf4.jpg,1,0,0,0
cocci_118_jpg.rf.5fe0fa1116e3567dd56de975f590b8e2.jpg,1,0,0,0
ncd_102_jpg.rf.3605622556d8efffcd8d8354dbc90fc8.jpg,0,0,1,0
salmo_70_jpg.rf.2ac1cf4f55dae6a474da451e2222f063.jpg,0,0,0,1
salmo_128_jpg.rf.26e1debd318fdc62896d6598eaaf9133.jpg,0,0,0,1
salmo_81_jpg.rf.3f308257a74d6dc160ee7f39b89a39be.jpg,0,0,0,1
ncd_128_jpg.rf.1c019b5e18b03aaa84e554b805d821fe.jpg,0,0,1,0
ncd_139_jpg.rf.210ce0696ce47e334dc99f4f244cf497.jpg,0,0,1,0
healthy_2_jpg.rf.bf9ff567003ebc74ecdb73f89877028f.jpg,0,1,0,0
salmo_165_jpg.rf.d1bbd5a3d3dd52d8285c943e6615fa72.jpg,0,0,0,1
salmo_110_jpg.rf.866a943b170964a863706e16c868aab6.jpg,0,0,0,1
salmo_182_jpg.rf.0b28f821a935d4214171d211c70d85c1.jpg,0,0,0,1
ncd_132_jpg.rf.19b7e2043a3b0c7daac119c3277ca24c.jpg,0,0,1,0
healthy_165_jpg.rf.e0dc64f18053c56ab5374f907ea192cb.jpg,0,1,0,0
ncd_214_jpg.rf.e6efdd3ba80e8bc26ef62ac788340123.jpg,0,0,1,0
salmo_127_jpg.rf.5dd4cda7c032533d03e0eb6401de1202.jpg,0,0,0,1
cocci_34_jpg.rf.4bea6f56c9db4d41a48e4af03dbb78e9.jpg,1,0,0,0
ncd_186_jpg.rf.d7ff3c54e652969511b52676226e7d54.jpg,0,0,1,0
healthy_160_jpg.rf.6d27c9ad413317b8197ab1854a53fa0f.jpg,0,1,0,0
salmo_23_jpg.rf.1d7b3d77696fb898c2a4c5ca1c08fdd8.jpg,0,0,0,1
ncd_121_jpg.rf.59237354cd9123563f2bf64e7c03b984.jpg,0,0,1,0
ncd_145_jpg.rf.66d1b4897a7a86e9a1222550b1027b8e.jpg,0,0,1,0
ncd_143_jpg.rf.c9143520ac930092cc0deda813dd1624.jpg,0,0,1,0
ncd_170_jpg.rf.c31512f5f8ab64e57b39fd143daa52ca.jpg,0,0,1,0
ncd_136_jpg.rf.3609931c61664f1ee68bd2d0ce781059.jpg,0,0,1,0
healthy_154_jpg.rf.b6b545f53e96a37ee2e75d3027a70299.jpg,0,1,0,0
healthy_173_jpg.rf.12944139477ce88fafe6e316339cf187.jpg,0,1,0,0
healthy_140_jpg.rf.127d30005b23a4c2be5546373bd0a077.jpg,0,1,0,0
healthy_129_jpg.rf.851070effc789137fed7b662519b7f5b.jpg,0,1,0,0
salmo_154_jpg.rf.66ac4904db5edfc2cb9fda2acc5b8c5a.jpg,0,0,0,1
healthy_60_jpg.rf.6730fcafd6b3b26bf4d420aaafd67c5b.jpg,0,1,0,0
cocci_31_jpg.rf.d5e4e43a82dfd15f0bc552e14f18926c.jpg,1,0,0,0
cocci_2_jpg.rf.0b14686a4d3179b39f9ccfb2b887d3c7.jpg,1,0,0,0
ncd_198_jpg.rf.204f9dc9f3c8276e2652b777a1530ab8.jpg,0,0,1,0
cocci_124_jpg.rf.d03d4b2e3c038c98f43c8be5e71fdd83.jpg,1,0,0,0
healthy_132_jpg.rf.b12048b047b401fcc61fc64a34d71db5.jpg,0,1,0,0
ncd_195_jpg.rf.ee12a278509fd250284a189c7e4e3df4.jpg,0,0,1,0
healthy_161_jpg.rf.061e2fc68b21102c2e57c5798fd986ef.jpg,0,1,0,0
salmo_128_jpg.rf.6afb7da8f1f59d1c2b4779d2bf54cd39.jpg,0,0,0,1
healthy_37_jpg.rf.783d68a7d5e5e9c88334654bffb0ec33.jpg,0,1,0,0
healthy_122_jpg.rf.4a0a5973ce5943e04adf1a1909a5dfc2.jpg,0,1,0,0
cocci_120_jpg.rf.0d9b8a849c9bf88b66fb39725565da97.jpg,1,0,0,0
ncd_227_jpg.rf.d4b4b09746f60ec660a4215084ffd40c.jpg,0,0,1,0
ncd_199_jpg.rf.8137a3282876858a7cc3c9804a4886a1.jpg,0,0,1,0
healthy_36_jpg.rf.7b97905b0f61a39c3cb3dd8143ba29cc.jpg,0,1,0,0
salmo_166_jpg.rf.1a8b53d28e8ba6e361ef76b3f269ea7e.jpg,0,0,0,1
cocci_91_jpg.rf.3b34291d92ee7b3ac488bed5123ad89b.jpg,1,0,0,0
salmo_196_jpg.rf.f5f3429424f9465e755e6352ff2c554c.jpg,0,0,0,1
ncd_204_jpg.rf.054a7a8a7757b948d442d6deb801cec0.jpg,0,0,1,0
cocci_13_jpg.rf.73f6b9fb0c72d2791d76914767abdf73.jpg,1,0,0,0
cocci_46_jpg.rf.f9c92d6687cbbd1d0f22185f5055cc91.jpg,1,0,0,0
ncd_190_jpg.rf.d2f6a7299f40a1466351c62c4f4ae3ec.jpg,0,0,1,0
cocci_0_jpg.rf.f1605dd2f5f6ec913310ad51d382ad88.jpg,1,0,0,0
healthy_80_jpg.rf.1a44d22e089a5e107e4f668d2716eb1a.jpg,0,1,0,0
cocci_18_jpg.rf.f4dcd3d477ff2acf3779824480524f4f.jpg,1,0,0,0
healthy_14_jpg.rf.01d82cd8c9c4d3f607523e4a29acc261.jpg,0,1,0,0
healthy_75_jpg.rf.07488838ea9e97fa3cc7cb8c2bb1a1be.jpg,0,1,0,0
cocci_91_jpg.rf.6e7062c54be0d12da2efa47f1eb080cf.jpg,1,0,0,0
cocci_41_jpg.rf.66259d916f90ad11646fc4eae11a3b0c.jpg,1,0,0,0
ncd_224_jpg.rf.8dfa47e036116f40fefafbf49d1e2e15.jpg,0,0,1,0
salmo_182_jpg.rf.bd8beaf01869dfa9ad6acd965e321371.jpg,0,0,0,1
cocci_49_jpg.rf.07f56a8d5eed3c1006152d1bba201a19.jpg,1,0,0,0
ncd_131_jpg.rf.9a4b481e816952eb94b59fd6f3af225e.jpg,0,0,1,0
cocci_155_jpg.rf.eec96b006ff4b337d1d61ceb74145d8f.jpg,1,0,0,0
healthy_49_jpg.rf.752d6a462be43c3a0134e24c2221f609.jpg,0,1,0,0
ncd_104_jpg.rf.3a28363e102c3b0b72dce64452c24d26.jpg,0,0,1,0
cocci_40_jpg.rf.997d2b275748ccdf0d6544bfd20a0794.jpg,1,0,0,0
cocci_129_jpg.rf.3c2bb174a8920dfb27d2bc3a7b433143.jpg,1,0,0,0
ncd_198_jpg.rf.0871366c4c02417882657a6157b60ddd.jpg,0,0,1,0
salmo_187_jpg.rf.5790b658a58f0cccb032f951f62d7864.jpg,0,0,0,1
salmo_80_jpg.rf.9014745394f777fb2bcef3930af342ce.jpg,0,0,0,1
cocci_26_jpg.rf.32c87422323d076ef607b63162fd503f.jpg,1,0,0,0
cocci_121_jpg.rf.bd36a12694f4eda2b735403b44751b5e.jpg,1,0,0,0
cocci_82_jpg.rf.376cc0782957c113d28bb36a4ff7d50e.jpg,1,0,0,0
cocci_100_jpg.rf.8ef8fee396d1e7611bb38a6fd733b6f7.jpg,1,0,0,0
healthy_136_jpg.rf.6fcaeaeeaf1b34e5142a7b5dbe8cc624.jpg,0,1,0,0
cocci_63_jpg.rf.c67e0bb82979d57956b3ba9129fee715.jpg,1,0,0,0
cocci_112_jpg.rf.53d9d2892e46cba0c83ab8bae17e74ac.jpg,1,0,0,0
salmo_69_jpg.rf.e40a7bcd818280dfe38659e6ab1993d1.jpg,0,0,0,1
cocci_107_jpg.rf.9d744bb7d128ceb197b3fb08a41c5dd7.jpg,1,0,0,0
salmo_23_jpg.rf.632bed15360d2292588ba33f607e78d9.jpg,0,0,0,1
ncd_43_jpg.rf.f367a4efe58e0619b8ed26013c8dc90e.jpg,0,0,1,0
salmo_163_jpg.rf.d417abf15fdace085f230edec492b748.jpg,0,0,0,1
ncd_139_jpg.rf.0d905b47a26a9febbd4ce0ebee974763.jpg,0,0,1,0
ncd_131_jpg.rf.998606276754507889e74c1bb7aabd6b.jpg,0,0,1,0
cocci_124_jpg.rf.7f4b2d34327ac902e62fc922396ebec4.jpg,1,0,0,0
ncd_21_jpg.rf.c1842bb25e514165f131e1c50a779148.jpg,0,0,1,0
salmo_172_jpg.rf.1fe48395fdb71230493bc5aa311c026e.jpg,0,0,0,1
healthy_158_jpg.rf.548fa12f50557a65c63941914f5a5aab.jpg,0,1,0,0
ncd_222_jpg.rf.7449eef51af82c389fd7b9873638a09e.jpg,0,0,1,0
ncd_182_jpg.rf.74ec4d5cc335c2ebb8c1d7a82073db87.jpg,0,0,1,0
cocci_0_jpg.rf.ab1e367728248e1ddccf6c499e8ac3b3.jpg,1,0,0,0
ncd_118_jpg.rf.3767f7a84d769789ea268c5ceeac70cd.jpg,0,0,1,0
ncd_154_jpg.rf.193baf9f9767baa58b0b691d19567235.jpg,0,0,1,0
healthy_0_jpg.rf.8903a3be0922ecd56843a1eb88f8d76f.jpg,0,1,0,0
salmo_5_jpg.rf.89dad794b42279116580ea6cebac2be5.jpg,0,0,0,1
ncd_133_jpg.rf.be7e2e200ddc6f9c8c3a7af2ab35580a.jpg,0,0,1,0
ncd_139_jpg.rf.5b22c9a0b53cc4b03e666ee9b359b31c.jpg,0,0,1,0
cocci_125_jpg.rf.8645ffbe1d99a5f2f2b5d8958ce3b419.jpg,1,0,0,0
cocci_118_jpg.rf.4fd1116d6cd71500dd1d11bf60957094.jpg,1,0,0,0
ncd_132_jpg.rf.b945a1e82a77a751c8b1db3895ec7703.jpg,0,0,1,0
ncd_169_jpg.rf.c9f81b32089ed83f9b2a211bf487afed.jpg,0,0,1,0
healthy_130_jpg.rf.66f76f6c7d7bb7772d667448ae39d807.jpg,0,1,0,0
cocci_82_jpg.rf.ad2c1cef4f1f9355683a49cb417f728d.jpg,1,0,0,0
cocci_26_jpg.rf.80dbc42efa500735aa12ef3e81a38b9d.jpg,1,0,0,0
healthy_71_jpg.rf.749a013bc3365081a303b13398a950c9.jpg,0,1,0,0
ncd_188_jpg.rf.24764fde08f45327b03b896c05e68467.jpg,0,0,1,0
healthy_63_jpg.rf.8f44750aa2e3c6915ea300ab0104e9e1.jpg,0,1,0,0
cocci_1_jpg.rf.d33031443f25a2aa7562cc2686001af8.jpg,1,0,0,0
ncd_151_jpg.rf.e089c79167d98ca00972cdbfd88539e4.jpg,0,0,1,0
healthy_0_jpg.rf.18dd356a27e3189aa1b9c7c89103cf2e.jpg,0,1,0,0
salmo_176_jpg.rf.d057bdf362d4fd7f122a4d8c23066dd3.jpg,0,0,0,1
healthy_152_jpg.rf.10d75c927908c3315ded13219a2dfcdd.jpg,0,1,0,0
healthy_118_jpg.rf.76bcbf98fbcb5ec59e3bc50d2c58e0de.jpg,0,1,0,0
salmo_159_jpg.rf.c63aa36a3e621eff0cb10309b1c43383.jpg,0,0,0,1
cocci_140_jpg.rf.7d15825837cd79e2dd2d464ea9956f41.jpg,1,0,0,0
healthy_48_jpg.rf.0c4017729eb20261d6ba0f2ddf301c99.jpg,0,1,0,0
cocci_18_jpg.rf.548caa34a435441a57dcde7b3cabac79.jpg,1,0,0,0
healthy_76_jpg.rf.eb869b5b9becdde85d17374cb2a8fa3c.jpg,0,1,0,0
salmo_40_jpg.rf.9bb4bba607d70997aec7bd084a4ddff9.jpg,0,0,0,1
cocci_98_jpg.rf.8b619fb22d762bd2314597ed32a309a2.jpg,1,0,0,0
healthy_10_jpg.rf.a435f683e035d99f08ca78ada81d6583.jpg,0,1,0,0
cocci_110_jpg.rf.b6181f513f330dea62cf227135053e97.jpg,1,0,0,0
salmo_124_jpg.rf.54fba6edb0fbc2f0cc614bef605e23c4.jpg,0,0,0,1
healthy_62_jpg.rf.d9fbf2ad44072e6752829fcc3e4d1b83.jpg,0,1,0,0
cocci_50_jpg.rf.664c5b76c4aabccaf7d325b5f4b28fc6.jpg,1,0,0,0
healthy_35_jpg.rf.f15a5cd571367a471437bb6b8df019b2.jpg,0,1,0,0
cocci_158_jpg.rf.c8ec7153437bba58928ec8327db9217b.jpg,1,0,0,0
cocci_20_jpg.rf.a1175c3d7f7fb5e9ef0e2b828e561cbe.jpg,1,0,0,0
healthy_113_jpg.rf.62c7db762ed6f1d4825c0b5d2e82b3c3.jpg,0,1,0,0
cocci_59_jpg.rf.a98f6fde351f515ab2cf485105f927f7.jpg,1,0,0,0
ncd_43_jpg.rf.983e8786d2e8d68ebacff51394da5aae.jpg,0,0,1,0
ncd_16_jpg.rf.1469e5a6187f07c7b971b193efde6252.jpg,0,0,1,0
salmo_108_jpg.rf.b91decf4aba8f59b45b92311a0a460b2.jpg,0,0,0,1
healthy_121_jpg.rf.05b1b12d3a768dbab25d2db45f2769c8.jpg,0,1,0,0
ncd_239_jpg.rf.b0ff0c7c5ff539f3515cd56985d9f614.jpg,0,0,1,0
healthy_93_jpg.rf.6aa1bdf982d2f7250eca44e89fe70ebe.jpg,0,1,0,0
healthy_43_jpg.rf.7d634d5e10c279570d97322359083519.jpg,0,1,0,0
healthy_162_jpg.rf.902c6e8f1d711b49ff871f24fe06a913.jpg,0,1,0,0
healthy_107_jpg.rf.f9f8cd124a31872e2d51d86fba033381.jpg,0,1,0,0
ncd_186_jpg.rf.c76a4bb0168216b80f091c29d4f4b6ca.jpg,0,0,1,0
healthy_79_jpg.rf.b020e9da00b95d31b5eaddcb02f4004a.jpg,0,1,0,0
cocci_51_jpg.rf.2d91ea978d80a56147bbe29133a0035b.jpg,1,0,0,0
healthy_127_jpg.rf.62eb11feb8891088b874c9ca5fce8e3e.jpg,0,1,0,0
salmo_105_jpg.rf.59a5b4dd7a93bf7b2156b2c0eb82fa21.jpg,0,0,0,1
salmo_176_jpg.rf.9c75ef375dcb7d035ca22946fd2eedb8.jpg,0,0,0,1
ncd_198_jpg.rf.106544e56b2e0216e6d35502fb15ed7e.jpg,0,0,1,0
salmo_78_jpg.rf.f935b3ab7cdb3376754c462f7475f0f6.jpg,0,0,0,1
cocci_134_jpg.rf.c687f8f29e8e8f1fa10b3e0c14012c0f.jpg,1,0,0,0
cocci_51_jpg.rf.44eab68adae7b5ff786d02ea620fa845.jpg,1,0,0,0
healthy_173_jpg.rf.64246369eb0a4c286cb6e12ef5f92dd5.jpg,0,1,0,0
healthy_121_jpg.rf.3e34cb5747050e25513516379fd7efbb.jpg,0,1,0,0
cocci_124_jpg.rf.a02dbc4aa52f5ddab922c046468e2f74.jpg,1,0,0,0
ncd_143_jpg.rf.b51cc68169c48df5bb3fc17578b9f295.jpg,0,0,1,0
healthy_164_jpg.rf.2c326ce4dd93a74c9f6cbd38424ad1f6.jpg,0,1,0,0
salmo_54_jpg.rf.6a1dbd1615177efbe21189a2eb88db74.jpg,0,0,0,1
cocci_18_jpg.rf.a979918c5d6abdf3aa9cf01f2903c85c.jpg,1,0,0,0
salmo_123_jpg.rf.52966dc13f29c270b88b825ac4d777bc.jpg,0,0,0,1
salmo_151_jpg.rf.2d86d5ad186b47e35b298ebfe3ea4f75.jpg,0,0,0,1
salmo_171_jpg.rf.868715137e75e5ea64b57e05af49ae06.jpg,0,0,0,1
healthy_55_jpg.rf.67241d8fdd6a2749bbd371b85cedb5a5.jpg,0,1,0,0
salmo_154_jpg.rf.fa7c8ad4d861d5141ac2f03eb8221dde.jpg,0,0,0,1
cocci_15_jpg.rf.f2b29c465578dd6dee829afbdf63a437.jpg,1,0,0,0
cocci_137_jpg.rf.429b9edad489beb908a867ad81f9c43b.jpg,1,0,0,0
ncd_120_jpg.rf.e027ad0ac45ada14a15eb49cd2d316c7.jpg,0,0,1,0
ncd_158_jpg.rf.3a77fd17226e1b83aed1fa6e3da771b9.jpg,0,0,1,0
salmo_150_jpg.rf.e013b6beb9b53edb4049e8f8a794f7e0.jpg,0,0,0,1
salmo_119_jpg.rf.fe0a88b9f1e2c3a9c46ac9cf417f3ab3.jpg,0,0,0,1
ncd_204_jpg.rf.b5196d3281ee83781753c4d0eaa59b38.jpg,0,0,1,0
ncd_180_jpg.rf.2c49943c1cf556becfc9a41e0b2e30d6.jpg,0,0,1,0
cocci_121_jpg.rf.26434edf4f06a64b4138496a8dcc6114.jpg,1,0,0,0
healthy_36_jpg.rf.2160782fd9e484db2595e12be3ed7537.jpg,0,1,0,0
ncd_136_jpg.rf.edf42683377377be28468d297c13013c.jpg,0,0,1,0
cocci_0_jpg.rf.a38c6370519a19a53a9e90901ffce8a4.jpg,1,0,0,0
ncd_176_jpg.rf.4bcf6fe85fd8eafd8f799da5127ff5e0.jpg,0,0,1,0
healthy_123_jpg.rf.cf3d7c4276038032562abfe812be0a47.jpg,0,1,0,0
cocci_89_jpg.rf.f3ff53dcbaa16145acfa53eb2c6444a9.jpg,1,0,0,0
cocci_130_jpg.rf.f8f3bd7e94770cfb5c1e44a3ecc9792c.jpg,1,0,0,0
salmo_100_jpg.rf.8034223fe1711847f966eebdb09a8b07.jpg,0,0,0,1
ncd_104_jpg.rf.8c2095523dd7f8345ab7a2ce122a6ee9.jpg,0,0,1,0
salmo_81_jpg.rf.95f39a5552c1ac2173891e493c5de783.jpg,0,0,0,1
cocci_125_jpg.rf.2f054a24251f942b9c6edbf1848c1799.jpg,1,0,0,0
healthy_162_jpg.rf.b14de80de8087f1abde5bc11cd92b0b5.jpg,0,1,0,0
cocci_140_jpg.rf.6c6850a9643950729c2b6805852ed708.jpg,1,0,0,0
ncd_224_jpg.rf.452ca3d322d50df870b19f9d32e4e789.jpg,0,0,1,0
healthy_38_jpg.rf.72bd92baf48272804ad7ba5206069050.jpg,0,1,0,0
healthy_153_jpg.rf.c5fb9f5c6eea2ff5ddbbb8215787726e.jpg,0,1,0,0
healthy_63_jpg.rf.0dbb497ae4abf12d774257d5e0d8322d.jpg,0,1,0,0
salmo_12_jpg.rf.b5ec44ee95981ca21d6cedbff17fac7e.jpg,0,0,0,1
ncd_138_jpg.rf.6f3908926d4037d4c6b780d6ff33fcf8.jpg,0,0,1,0
healthy_18_jpg.rf.059e7ad49ec58919be220c9d6d0a004b.jpg,0,1,0,0
salmo_126_jpg.rf.469d8a1f61fe663a99a1554d6c4dcdce.jpg,0,0,0,1
salmo_142_jpg.rf.88a3fe0c189d22ae9e56183317423073.jpg,0,0,0,1
cocci_148_jpg.rf.31bdd0bb5fefd45d5e570c49f2e2c6de.jpg,1,0,0,0
salmo_149_jpg.rf.28c71556c27c2c3b803f6778db8d492e.jpg,0,0,0,1
salmo_12_jpg.rf.78ef922f7811cf750f5343f5eed12f41.jpg,0,0,0,1
cocci_48_jpg.rf.de6a5d8b54367c7fd0bdc6b2d32ab2ca.jpg,1,0,0,0
healthy_92_jpg.rf.bbd69c5cfdfee172cf00232075646b33.jpg,0,1,0,0
healthy_55_jpg.rf.f6ffb5352fe6ffe5ebf2155c27cde3ff.jpg,0,1,0,0
healthy_32_jpg.rf.f943c502bd4c4d7d2a70f20085f04034.jpg,0,1,0,0
cocci_22_jpg.rf.7d9d4084dc9e02dc1271013db76b5f0c.jpg,1,0,0,0
cocci_109_jpg.rf.f4afdca5478c3506c4c7ed291c69541a.jpg,1,0,0,0
ncd_127_jpg.rf.6a96b2fdff13db3fb75eb110bbfe4e4b.jpg,0,0,1,0
ncd_117_jpg.rf.be00bd4a19bc6dfce063fcd357d96c1d.jpg,0,0,1,0
ncd_16_jpg.rf.67377a157677e3c095c909f60c94a85b.jpg,0,0,1,0
ncd_185_jpg.rf.22dfdd32e420e9e9b19d2ae3941c482c.jpg,0,0,1,0
salmo_79_jpg.rf.007bbe969335247458b4cc9f3fa5eaa7.jpg,0,0,0,1
healthy_79_jpg.rf.58c13e59a3375d10a2ff58305f1b417d.jpg,0,1,0,0
cocci_45_jpg.rf.7dd02cc719a4fdef23c2fb1836268c46.jpg,1,0,0,0
healthy_133_jpg.rf.1d518186d597f3d3d6674385bc54c340.jpg,0,1,0,0
healthy_52_jpg.rf.31304a0d8be711890e8518624156918e.jpg,0,1,0,0
salmo_127_jpg.rf.4100007ffb8fa6feb09efb7be5b8f5df.jpg,0,0,0,1
ncd_225_jpg.rf.6a28e8beaefc86cce233747ce8cb7b26.jpg,0,0,1,0
salmo_53_jpg.rf.aae78514d97eb11747f64412893f3d2d.jpg,0,0,0,1
salmo_27_jpg.rf.1747ff496a9889ee6174bde6a4a1896c.jpg,0,0,0,1
healthy_146_jpg.rf.f07705202f9e0b2451b75a0cf4c8af0f.jpg,0,1,0,0
healthy_89_jpg.rf.9b72a1191c823de2506cb3a67177979f.jpg,0,1,0,0
cocci_133_jpg.rf.4fc711b9e00720a36aab6e1675ed41d5.jpg,1,0,0,0
salmo_104_jpg.rf.9c06d77a3e13af8059d1c309b71b1422.jpg,0,0,0,1
cocci_94_jpg.rf.89ca8a0997a57e9a321a3419737dc790.jpg,1,0,0,0
healthy_131_jpg.rf.151084cac256d84019253d7569dbe366.jpg,0,1,0,0
salmo_124_jpg.rf.01896852c801b26d890e3c127af56d52.jpg,0,0,0,1
healthy_155_jpg.rf.f53af0064c63c45e4ca25e74488d2f37.jpg,0,1,0,0
ncd_239_jpg.rf.f4b586f6a0c27bba6ac259adaf10fed0.jpg,0,0,1,0
healthy_49_jpg.rf.4af59baba170448b1fbc8ddad5cd3b9d.jpg,0,1,0,0
healthy_2_jpg.rf.c9d54cc40387e3fec3252cbe3eb3e9dd.jpg,0,1,0,0
salmo_165_jpg.rf.cb1f82e5ec68e6785cef2a9ec132bd31.jpg,0,0,0,1
healthy_71_jpg.rf.e8254733eae4895d8be78a72d4c1e1eb.jpg,0,1,0,0
healthy_157_jpg.rf.2b7558136800508b5749ce89d5ca33d2.jpg,0,1,0,0
salmo_45_jpg.rf.4aeca631e15ec14482b90d9cf7993b83.jpg,0,0,0,1
ncd_135_jpg.rf.2b9cbb466fdf03a8a4f840bbf8fb933e.jpg,0,0,1,0
ncd_185_jpg.rf.6c17695300d93f04712970ac03b88fa3.jpg,0,0,1,0
salmo_130_jpg.rf.4ab01b543ffb0e0203d954357bb3de2e.jpg,0,0,0,1
ncd_13_jpg.rf.39da58afd8c64a7349b68b82f9e991b1.jpg,0,0,1,0
healthy_100_jpg.rf.dc17585f9e182a751649e01d5df9d758.jpg,0,1,0,0
salmo_101_jpg.rf.9e1ef9ba4783f5d99a45c017b0245fba.jpg,0,0,0,1
ncd_13_jpg.rf.06f2f8f28bb33ce7de2b66ec48d47004.jpg,0,0,1,0
healthy_60_jpg.rf.695f5be6978ac897bdd9e42fc4ccaf58.jpg,0,1,0,0
salmo_136_jpg.rf.523b9e2ca1c64ea07dae8c68fbcb0293.jpg,0,0,0,1
healthy_12_jpg.rf.25138263a9f768692f23104e2b80f5be.jpg,0,1,0,0
healthy_38_jpg.rf.58f26732ed68b556f8164516dd1d3ed0.jpg,0,1,0,0
healthy_57_jpg.rf.c3b6a7ae6d56d2218ac93d431a7da776.jpg,0,1,0,0
cocci_116_jpg.rf.2e69c7d1bf0c55f7ab47e2403a08088e.jpg,1,0,0,0
healthy_83_jpg.rf.cb10480a1204d025b31513cab7446d62.jpg,0,1,0,0
salmo_31_jpg.rf.e49eb7022c7114944593b756b4638d87.jpg,0,0,0,1
cocci_47_jpg.rf.12515c0ae2dcba9482734e3c1a8ddb0e.jpg,1,0,0,0
cocci_48_jpg.rf.6b9baf02dc4f05810375362d31f7e8ca.jpg,1,0,0,0
healthy_157_jpg.rf.7698a9d9e280f802eef138f8f6fff94b.jpg,0,1,0,0
healthy_83_jpg.rf.420a26cb43e6c7f3f30b7b6ab34aa840.jpg,0,1,0,0
ncd_105_jpg.rf.7e27c84a726d386f8c67a073fd28bbed.jpg,0,0,1,0
healthy_80_jpg.rf.d53ae2a3d58177051a001b12e65ce3a2.jpg,0,1,0,0
ncd_137_jpg.rf.da549edd69a6c19fd65ed46dc54eca9d.jpg,0,0,1,0
ncd_114_jpg.rf.8a88451bafad0dc21d5c384a0406824d.jpg,0,0,1,0
ncd_12_jpg.rf.97048034c807f2025ca64cb444f2c80e.jpg,0,0,1,0
cocci_31_jpg.rf.fa149798ae254e8cb140208ed896229c.jpg,1,0,0,0
salmo_140_jpg.rf.5c1dc42ab32f62407341a6630a6258a8.jpg,0,0,0,1
ncd_202_jpg.rf.a4337a7de50c5ea8d1dbb1b61ffa622b.jpg,0,0,1,0
ncd_154_jpg.rf.f823c60793a23dfa92c85a11ae315927.jpg,0,0,1,0
cocci_110_jpg.rf.317ee655a00580c24d8587c4dcaf9702.jpg,1,0,0,0
healthy_123_jpg.rf.7f4dd3815603573b60044e5bb659b3c8.jpg,0,1,0,0
healthy_100_jpg.rf.6bbb0f382aebe28ad62a449f481ecda8.jpg,0,1,0,0
ncd_180_jpg.rf.99b79c1e8980a38444c7f1a6260afcc6.jpg,0,0,1,0
ncd_191_jpg.rf.c8087acc73b38291f70ad1221371bea8.jpg,0,0,1,0
salmo_125_jpg.rf.1d62d713bcd2616f1e742dfe8e2253b1.jpg,0,0,0,1
ncd_118_jpg.rf.6206b2903db9fee705d79a70a5ef10c9.jpg,0,0,1,0
salmo_138_jpg.rf.1583ab4c49a4a5187094fb0f6bef714a.jpg,0,0,0,1
cocci_99_jpg.rf.938749b48402dd451a95ff3778ebd66a.jpg,1,0,0,0
salmo_119_jpg.rf.aeaf46d97869d5acfb00c04a34f0cecd.jpg,0,0,0,1
healthy_164_jpg.rf.6b7bfd85450b23da617142cff0b90a9d.jpg,0,1,0,0
cocci_121_jpg.rf.61dfabb0d8bfd87196d59cf6b539cc81.jpg,1,0,0,0
salmo_111_jpg.rf.1f49d42a0de91afa39cc5caaa0c18924.jpg,0,0,0,1
cocci_131_jpg.rf.506d503caebbdc5d054d9ecf7f432041.jpg,1,0,0,0
healthy_132_jpg.rf.8b366805cdb7a506dab6d7c7687be38e.jpg,0,1,0,0
healthy_75_jpg.rf.630227b2ead175923e671934b44c3527.jpg,0,1,0,0
ncd_18_jpg.rf.d4e1153aa748bda5a02afac06a1d4dc8.jpg,0,0,1,0
healthy_108_jpg.rf.979dfc54aaad95ed7fdba6b91f304b40.jpg,0,1,0,0
ncd_188_jpg.rf.f521a5a9c54d7b26a9f2dce3a62c2a54.jpg,0,0,1,0
cocci_63_jpg.rf.f36c34264fc78cd2a5c52ed029ae846f.jpg,1,0,0,0
ncd_232_jpg.rf.346d035322a0310cd8a1c08ebc6554d0.jpg,0,0,1,0
cocci_123_jpg.rf.c3df1aee0dae7091185b34a7c7cb6568.jpg,1,0,0,0
salmo_37_jpg.rf.a1df4f4af97f27a551b54157a79ea1dd.jpg,0,0,0,1
cocci_126_jpg.rf.f6cfd73613430c3f9f19362eb6e8659a.jpg,1,0,0,0
healthy_1_jpg.rf.6800a52e0395e6e6a7881278177577f8.jpg,0,1,0,0
healthy_0_jpg.rf.06ae2f89b34b19e6b16fca793fbaf78b.jpg,0,1,0,0
ncd_17_jpg.rf.a8e1222a3aa83d47fa7c45c7b76695e1.jpg,0,0,1,0
ncd_153_jpg.rf.10d5a20e1d31fbed44a695870ecac0fb.jpg,0,0,1,0
salmo_111_jpg.rf.c14f458b17689e5d2bf4875d2a7f5cba.jpg,0,0,0,1
salmo_44_jpg.rf.ed6573e2392ce12ac3da3c07a65bf2ef.jpg,0,0,0,1
ncd_185_jpg.rf.b8dad7a566c1617d54a7732c4631d9f3.jpg,0,0,1,0
salmo_163_jpg.rf.c6030a47461a755515393e49068b319e.jpg,0,0,0,1
cocci_90_jpg.rf.f6e6b66c689da2a1a21a1dea32004c16.jpg,1,0,0,0
cocci_87_jpg.rf.ea07782c2c318731ad029f112dfd075d.jpg,1,0,0,0
healthy_83_jpg.rf.cc7fbe90813a501cf7927e702c078ba4.jpg,0,1,0,0
ncd_204_jpg.rf.1191e6e00bb244ff0597f6239f97654b.jpg,0,0,1,0
ncd_125_jpg.rf.f18b8454803aa580938c1bb84fd72989.jpg,0,0,1,0
ncd_21_jpg.rf.c6722f6f36b2be64027ce8845dbaa083.jpg,0,0,1,0
healthy_154_jpg.rf.5b2596f3542728501e752ef7f1644321.jpg,0,1,0,0
cocci_75_jpg.rf.1e7b15911ad7c7cfa92cfdd7f3617961.jpg,1,0,0,0
ncd_32_jpg.rf.d07e3261bbaec5f9cb12de6ee68c6ea9.jpg,0,0,1,0
ncd_147_jpg.rf.48691747f07b71dbcf90d60d20d49a84.jpg,0,0,1,0
ncd_65_jpg.rf.fd85e93af8b7a7bad7aea87cf97d2408.jpg,0,0,1,0
ncd_133_jpg.rf.ccc85029174bf5c417389b811657c573.jpg,0,0,1,0
cocci_20_jpg.rf.89a2cc5fca3b034699e774b968196915.jpg,1,0,0,0
salmo_105_jpg.rf.bf6d726ad418f0957757a560aace2011.jpg,0,0,0,1
ncd_110_jpg.rf.d955083b13c1283d4fe04f3642980c7c.jpg,0,0,1,0
ncd_146_jpg.rf.9c02e8465c0bb885f0ec378ec0a1411b.jpg,0,0,1,0
ncd_225_jpg.rf.6fa336a518188661f75316501fd01309.jpg,0,0,1,0
healthy_31_jpg.rf.3b58530c22ae9eca7d32f231845c8bc9.jpg,0,1,0,0
cocci_126_jpg.rf.18fa8369c2053cefae93b2ec51edb299.jpg,1,0,0,0
ncd_143_jpg.rf.bf7a34b53bee91ac2e9348860ae5f4d5.jpg,0,0,1,0
cocci_2_jpg.rf.5f36095565f539e930e6ebae8fc49fe9.jpg,1,0,0,0
ncd_193_jpg.rf.fadea9a180cbc8b927f1ced55a781079.jpg,0,0,1,0
ncd_23_jpg.rf.f31b0196f6f33e24616eafd0805da990.jpg,0,0,1,0
healthy_164_jpg.rf.7acc2c902babee5ede1a512038292a19.jpg,0,1,0,0
ncd_182_jpg.rf.9584fbdd7f26827a52d65a8fea8940e2.jpg,0,0,1,0
salmo_58_jpg.rf.9375df53218e675de86b41357e9c5652.jpg,0,0,0,1
salmo_109_jpg.rf.1af904d7c58632d1904427d4ea63a918.jpg,0,0,0,1
healthy_76_jpg.rf.781c66725256c57782400f59e1ba9b7b.jpg,0,1,0,0
salmo_44_jpg.rf.8283e266762182668ce656047ae3dfff.jpg,0,0,0,1
cocci_31_jpg.rf.2a7dbf54a03f59f6127a40bdbd54298a.jpg,1,0,0,0
healthy_82_jpg.rf.64f7e6145e8e725c5f8d1f87a4a9e517.jpg,0,1,0,0
healthy_91_jpg.rf.58684b1e1be7716c7b5a2069c9bcd497.jpg,0,1,0,0
cocci_94_jpg.rf.6fcf1698f256fe02a7c8a360c24fb941.jpg,1,0,0,0
cocci_61_jpg.rf.2afcbe90227d53bb8a34fa2d69e3c845.jpg,1,0,0,0
salmo_183_jpg.rf.bd90d31efa12f3052dd88030367d8167.jpg,0,0,0,1
cocci_50_jpg.rf.6f811664831231dd23d25c1a244217cb.jpg,1,0,0,0
cocci_45_jpg.rf.05b90cc1e24ed93adfa5fe1f7acb699a.jpg,1,0,0,0
cocci_82_jpg.rf.f17e4ad1dbd0beb5d378d33026284730.jpg,1,0,0,0
salmo_93_jpg.rf.637ba4afca0ca0385dfbfb20d6f60806.jpg,0,0,0,1
healthy_107_jpg.rf.758c6121d2e78ce2ddf3d4ee92ccb715.jpg,0,1,0,0
cocci_98_jpg.rf.b3cd9aea16a9aa56152969fe4942eaf9.jpg,1,0,0,0
healthy_159_jpg.rf.75964b8f7ad938b0aa05c7a215a5a37b.jpg,0,1,0,0
ncd_105_jpg.rf.f92c6950595e708564290fa80cd311f1.jpg,0,0,1,0
ncd_225_jpg.rf.3bd409669ff7efe14b9842c07448bc68.jpg,0,0,1,0
cocci_109_jpg.rf.63d1424ad1c9c3ccb98b1f3657009d24.jpg,1,0,0,0
healthy_173_jpg.rf.b5c3de6bf4376757365f49168c45e544.jpg,0,1,0,0
cocci_116_jpg.rf.bdf9bb040db9d7849f50c9cdb7a9f504.jpg,1,0,0,0
healthy_133_jpg.rf.f171ee85d38687bc454bf33de4a81022.jpg,0,1,0,0
healthy_79_jpg.rf.af709cf378547c0dd1e8f4daf82f863a.jpg,0,1,0,0
ncd_158_jpg.rf.531e9b2b36e79c3e377dcd0691a23386.jpg,0,0,1,0
salmo_187_jpg.rf.3a37b786726e5c51a8761d98b359c472.jpg,0,0,0,1
salmo_5_jpg.rf.037868d9fe7da3d06b4dd7545c394c28.jpg,0,0,0,1
cocci_26_jpg.rf.514275548007772ff28942257054c471.jpg,1,0,0,0
cocci_143_jpg.rf.1e11375d247a3cf7e5400086e86856ce.jpg,1,0,0,0
ncd_232_jpg.rf.705040a599da0de2adf6f333e31d1504.jpg,0,0,1,0
healthy_109_jpg.rf.193aebe06b6a53e7ce40adb2edb866e7.jpg,0,1,0,0
healthy_73_jpg.rf.0f2d01742cb4c1693bbe21d91cb1b603.jpg,0,1,0,0
ncd_212_jpg.rf.4324e8a16e2a182ed9a1c9a508988b20.jpg,0,0,1,0
ncd_122_jpg.rf.0d7a1572702ab52ad82c67304ad93e70.jpg,0,0,1,0
ncd_79_jpg.rf.a109629c4c8333cf7e43d30958c345d1.jpg,0,0,1,0
ncd_158_jpg.rf.3c5f2eaa0fb0b992743181d4d1e9a916.jpg,0,0,1,0
ncd_122_jpg.rf.801bda1e252343981e5da8f6a9cafa00.jpg,0,0,1,0
ncd_244_jpg.rf.f50e7d366a88659d6e86ca6032b56bd6.jpg,0,0,1,0
cocci_146_jpg.rf.065411783e0382ee2d1bbc6c3018ca44.jpg,1,0,0,0
ncd_17_jpg.rf.5461437c6f751f1a9c823458dc70834a.jpg,0,0,1,0
salmo_143_jpg.rf.77861600e5ae942dcb1753aa09913457.jpg,0,0,0,1
healthy_6_jpg.rf.9e99e63d5fa44b8d94756536637f206d.jpg,0,1,0,0
salmo_27_jpg.rf.669afcd2c350fa46b043c7ee2e96e95f.jpg,0,0,0,1
salmo_134_jpg.rf.25b57719c6331d98613a44f8a55d42e5.jpg,0,0,0,1
cocci_12_jpg.rf.e1022c4f01745ef04fd5b5fb0096c329.jpg,1,0,0,0
salmo_130_jpg.rf.7afc5346fff52d63782a9e2c4868b83d.jpg,0,0,0,1
cocci_107_jpg.rf.faab675f5038bd2bb2d3017997c18849.jpg,1,0,0,0
ncd_16_jpg.rf.8171ab3d51359c399a71c471d35e9814.jpg,0,0,1,0
cocci_143_jpg.rf.66cc414de69f5c15355f26719b9718b7.jpg,1,0,0,0
healthy_31_jpg.rf.5fd30a6d6b199545d80b66223fc3c326.jpg,0,1,0,0
salmo_196_jpg.rf.53a74fee99957b493b20ac1521351fed.jpg,0,0,0,1
healthy_139_jpg.rf.c8637ad17122257e7fdf093fe4e85517.jpg,0,1,0,0
salmo_16_jpg.rf.d916783e58b9b0090acdc32299bfe750.jpg,0,0,0,1
cocci_22_jpg.rf.32d1e993ba37c1e1934a27a3a73fbb53.jpg,1,0,0,0
cocci_86_jpg.rf.be4e293f2f48bbdc43a156249445d7fa.jpg,1,0,0,0
healthy_113_jpg.rf.064c356949ac7b4ef50337158026bd6d.jpg,0,1,0,0
cocci_133_jpg.rf.a80bd1af5e253bff4a877094f826fbcf.jpg,1,0,0,0
salmo_160_jpg.rf.0030ebea19c9a0725c2ffc4d65f8c7d4.jpg,0,0,0,1
salmo_177_jpg.rf.4a03f5af42d63a84f124731db873a441.jpg,0,0,0,1
healthy_127_jpg.rf.ce73fc9220812a1967480c73180af165.jpg,0,1,0,0
cocci_123_jpg.rf.f105a457955a34b7e3b4564eb137400a.jpg,1,0,0,0
healthy_7_jpg.rf.57e2e85701650a06fac93bd25c3c1cf2.jpg,0,1,0,0
healthy_139_jpg.rf.0622e70b004c94965c944ba36391079f.jpg,0,1,0,0
ncd_11_jpg.rf.9df8193c5ad3fcd7e8531a2f551aa22f.jpg,0,0,1,0
cocci_131_jpg.rf.ae697663befc666de30568bdfd773b99.jpg,1,0,0,0
ncd_154_jpg.rf.a70b99fa5e4e4e0cd69288314f2eccb2.jpg,0,0,1,0
cocci_86_jpg.rf.198ada51f170d2f7042e00ad28ac9a65.jpg,1,0,0,0
cocci_1_jpg.rf.bbb8d75390a68621f56c652b07f72d75.jpg,1,0,0,0
ncd_199_jpg.rf.1b2ce4613989d8b72b4e163936f71e2a.jpg,0,0,1,0
cocci_98_jpg.rf.7c7c0686222d261d519e72844e516ab2.jpg,1,0,0,0
ncd_145_jpg.rf.8a05ee61e81bc16b9bb5619fa2af6842.jpg,0,0,1,0
healthy_36_jpg.rf.f67a67e3729abe7fc05a171f102af81f.jpg,0,1,0,0
salmo_122_jpg.rf.c35dec83ab7d4e465b14d8867e41b7bb.jpg,0,0,0,1
salmo_134_jpg.rf.65788d25c48346fea1d8773fd65da85c.jpg,0,0,0,1
ncd_110_jpg.rf.8503a425e9945be5aee2fcd50ca36f43.jpg,0,0,1,0
ncd_170_jpg.rf.a6db188f5fb4bcb4a4328dbfda571747.jpg,0,0,1,0
ncd_117_jpg.rf.36c99595f9a7031f283ad8cd129b3172.jpg,0,0,1,0
ncd_128_jpg.rf.4758e63fa1d786105ff6e0f335134116.jpg,0,0,1,0
cocci_134_jpg.rf.9b883dd4a9a8593112c090a506ac515e.jpg,1,0,0,0
healthy_35_jpg.rf.fc3860cb6728651677c6e15c0c8952be.jpg,0,1,0,0
cocci_109_jpg.rf.205d1ac594a34ac4887c6a1dc063479c.jpg,1,0,0,0
healthy_152_jpg.rf.8bd8bbab773b1bbbe914c44355a2d50b.jpg,0,1,0,0
ncd_102_jpg.rf.f2c3b20d7ddd0ace1b727d347d30b7a4.jpg,0,0,1,0
salmo_127_jpg.rf.fe95ab028f9005fe9134d0357befa2d2.jpg,0,0,0,1
salmo_66_jpg.rf.9321b18a95884bfede4ca26d2bc5c656.jpg,0,0,0,1
cocci_125_jpg.rf.5f1a301a1ebde2fa5ecdb7322e329b1a.jpg,1,0,0,0
healthy_121_jpg.rf.2846356ddaf586bb8a982cc3c6e0acdf.jpg,0,1,0,0
salmo_85_jpg.rf.2e181fc8dce4933858b059d827bd9bc9.jpg,0,0,0,1
salmo_176_jpg.rf.48b9a66edf2a6aa7ed608afb196d5f54.jpg,0,0,0,1
healthy_91_jpg.rf.4ec936e9c9f0ab15bf9fb38a05497829.jpg,0,1,0,0
cocci_96_jpg.rf.6b33d83c618dabe29ba77c0692832e37.jpg,1,0,0,0
ncd_32_jpg.rf.28c4d4dbde9ef0b65f80efb0e7ec3ee3.jpg,0,0,1,0
ncd_104_jpg.rf.d1247988f65d0b024d6aea06b753252c.jpg,0,0,1,0
cocci_14_jpg.rf.ff2ec54551cc543eea4f37249451bcd7.jpg,1,0,0,0
healthy_14_jpg.rf.e4924e2c04914fdd6e6d54358f62afbd.jpg,0,1,0,0
cocci_136_jpg.rf.1940fa81655d6c028932679cb8e16339.jpg,1,0,0,0
salmo_126_jpg.rf.466d469fa7daeb4db5ebadeaa90ae0d7.jpg,0,0,0,1
ncd_65_jpg.rf.ac160169ed4e88d1cfc1cb90c1c77812.jpg,0,0,1,0
cocci_45_jpg.rf.5977b85597d3a589fd405aea02a080e0.jpg,1,0,0,0
salmo_117_jpg.rf.81f3b958469bd35424cae4f7124ff8fd.jpg,0,0,0,1
ncd_11_jpg.rf.ba159b120755bd0aa9ab14ccce20e86d.jpg,0,0,1,0
ncd_146_jpg.rf.85c8fbc123af05081c7dd4ff425a79fc.jpg,0,0,1,0
cocci_34_jpg.rf.f024d672c62fea66ce06f2364da24e29.jpg,1,0,0,0
ncd_227_jpg.rf.e24826d2beb2c10ade90e2e63b25fe94.jpg,0,0,1,0
salmo_12_jpg.rf.e18e2ab508c72c5ffa6b58f88a510529.jpg,0,0,0,1
salmo_136_jpg.rf.8e26cba0e563d9a875dde02c238192af.jpg,0,0,0,1
healthy_147_jpg.rf.bbdde917f1c49efce068150f95070d38.jpg,0,1,0,0
cocci_80_jpg.rf.2ca1e9c49b368a17ef1316362009b458.jpg,1,0,0,0
salmo_59_jpg.rf.9bf7cdfac6132d5ae1f6a2b7c11c23bf.jpg,0,0,0,1
cocci_146_jpg.rf.de8de3edfb6bc7a0199a2148c8dfc6bf.jpg,1,0,0,0
ncd_202_jpg.rf.2695f3b99b23435accac94e307b43780.jpg,0,0,1,0
salmo_101_jpg.rf.c3df7ad981dcd815b06baf87eb3ce730.jpg,0,0,0,1
healthy_147_jpg.rf.f14059d25bf95bc21d8422412f660b23.jpg,0,1,0,0
cocci_137_jpg.rf.b3f7169e37e069b0978a6d49a457bc4f.jpg,1,0,0,0
salmo_58_jpg.rf.a01e4e547c1240f90d24339fd046d493.jpg,0,0,0,1
healthy_93_jpg.rf.057be14a0de165508790a746ed3751c8.jpg,0,1,0,0
ncd_12_jpg.rf.5b981f75ddf9a82a202c6979eb7bced9.jpg,0,0,1,0
ncd_222_jpg.rf.f0111ce63146dc73725d999ccb5da4e6.jpg,0,0,1,0
salmo_170_jpg.rf.5aa358ffbc6e126559581cfc823691dd.jpg,0,0,0,1
cocci_132_jpg.rf.345a59a994a0b2fccdbbc48af6436073.jpg,1,0,0,0
salmo_79_jpg.rf.a4d447bb12e9830cb99ea399e45f07c9.jpg,0,0,0,1
ncd_110_jpg.rf.1ca712a9f5c2e249475c8c6b8cfa1561.jpg,0,0,1,0
salmo_59_jpg.rf.6c1b12d642bfe51816ec733c2b1fd096.jpg,0,0,0,1
healthy_123_jpg.rf.a15fb9875dd4e1730e7fa1fbc388d820.jpg,0,1,0,0
healthy_145_jpg.rf.380c15a74ac8261a75ca4ddc6c081e4c.jpg,0,1,0,0
ncd_12_jpg.rf.b2d8feba997e9c985700214712a8eb86.jpg,0,0,1,0
healthy_161_jpg.rf.e999ee120767189d7c7251638ca1134f.jpg,0,1,0,0
salmo_187_jpg.rf.fe82b43ed8ecbaf4d4ed610b280642d7.jpg,0,0,0,1
healthy_118_jpg.rf.3fac2936721ff394fbafa5a249df82dd.jpg,0,1,0,0
cocci_132_jpg.rf.2480d136391f6b5e31e2efb79da4cc27.jpg,1,0,0,0
healthy_92_jpg.rf.074dc05516351d169e885495d140957c.jpg,0,1,0,0
healthy_7_jpg.rf.684ce215ae5edb30e5b53aa3c97bddcb.jpg,0,1,0,0
healthy_168_jpg.rf.a10f667899b2c2520c541ca6c63abe8b.jpg,0,1,0,0
salmo_150_jpg.rf.69fad1e1a75243893c1e06233ee41f08.jpg,0,0,0,1
cocci_8_jpg.rf.313d6f647efa567837e817da5b4d337a.jpg,1,0,0,0
ncd_201_jpg.rf.f078711958af9fb98bf2c59f20e76773.jpg,0,0,1,0
ncd_125_jpg.rf.3eef4c3316604f625795a41508439e17.jpg,0,0,1,0
healthy_140_jpg.rf.1cb16317acf039e6a083dfbb7a24ccbb.jpg,0,1,0,0
salmo_193_jpg.rf.2661725ba0587ed1c48f42907bef2c7f.jpg,0,0,0,1
healthy_50_jpg.rf.51a67c15b264a35515cbbc4c80449c44.jpg,0,1,0,0
healthy_132_jpg.rf.b0cd2bc1f54d4a4044baabd2387540d5.jpg,0,1,0,0
healthy_138_jpg.rf.0d1f2b8571d313a65f68912ac35f820e.jpg,0,1,0,0
healthy_122_jpg.rf.4569ff5d38a5e834b81407cf16d6b67f.jpg,0,1,0,0
ncd_135_jpg.rf.893fb9bfb9699044e2e2e0dc1504e459.jpg,0,0,1,0
salmo_58_jpg.rf.5480cdc6da5115996440858d083d8dd5.jpg,0,0,0,1
cocci_75_jpg.rf.cb136fbd0fd9a355812f63c6315f6805.jpg,1,0,0,0
salmo_183_jpg.rf.bf3b33cd165957e6dc302453815ec2d9.jpg,0,0,0,1
cocci_47_jpg.rf.5e004a9495eeef2dd41415ea633aa739.jpg,1,0,0,0
cocci_155_jpg.rf.fb011b1f61515fada03f8957fbed689b.jpg,1,0,0,0
healthy_68_jpg.rf.92a5423c4901e483ff27bee4be5bcf16.jpg,0,1,0,0
healthy_89_jpg.rf.8eb6ac211c4d7b04433c3f1dc7d4b400.jpg,0,1,0,0
cocci_118_jpg.rf.e5d23991db9b26df1bacd16aba7fa120.jpg,1,0,0,0
salmo_160_jpg.rf.1045c78a8c53d56b4c0e78fed57ea8ff.jpg,0,0,0,1
salmo_45_jpg.rf.b78333c5af364e3eb7a0fb6feefced7b.jpg,0,0,0,1
salmo_114_jpg.rf.4a1949b0340505fc6143e8ad98c7029c.jpg,0,0,0,1
salmo_119_jpg.rf.d7d85d82d9ab1040ecb1fe02132917c6.jpg,0,0,0,1
healthy_38_jpg.rf.15bf409ee28d6c949565ee1fb03d9510.jpg,0,1,0,0
cocci_117_jpg.rf.e99dd0ec0ef98daf2554f26959e80ac6.jpg,1,0,0,0
cocci_71_jpg.rf.6946bb252a797471206df3563885f068.jpg,1,0,0,0
ncd_153_jpg.rf.b98be2840305bd04221483191c774db2.jpg,0,0,1,0
healthy_68_jpg.rf.80245d3c27939c59c6977be2fe731b75.jpg,0,1,0,0
cocci_50_jpg.rf.91c101f68ffd2ec8043fd3012589ebed.jpg,1,0,0,0
salmo_110_jpg.rf.6b3e8f91541a6a2d11a006aa0fe7cf00.jpg,0,0,0,1
salmo_120_jpg.rf.e420629303e62c2206783879ab863060.jpg,0,0,0,1
healthy_60_jpg.rf.576a0c9529f818d924f6a83827d41ce8.jpg,0,1,0,0
healthy_108_jpg.rf.5155183a447f200b76127cc3e2454d61.jpg,0,1,0,0
cocci_60_jpg.rf.bc8b3af73f274389660de4767309700f.jpg,1,0,0,0
cocci_149_jpg.rf.7a019b82c936e3c9f60ae08dccf503d5.jpg,1,0,0,0
cocci_138_jpg.rf.5ff16a64712c4c02d229f601416f7fe0.jpg,1,0,0,0
salmo_21_jpg.rf.c8c95245acc7e5858da52d3290f84dd0.jpg,0,0,0,1
ncd_11_jpg.rf.95460a85da96362393191d192ab8726a.jpg,0,0,1,0
salmo_129_jpg.rf.60276406962a56f33e345ccc6a93e0d6.jpg,0,0,0,1
cocci_133_jpg.rf.20eceafaea26e15256e28cab5290a5ce.jpg,1,0,0,0
salmo_138_jpg.rf.0515b1e4c3ff335da84144e845b367ab.jpg,0,0,0,1
healthy_116_jpg.rf.43003787d09ef575cffe0166cec88291.jpg,0,1,0,0
cocci_5_jpg.rf.2a2a5a4d4123c600e26828112a0ec571.jpg,1,0,0,0
healthy_52_jpg.rf.7c8b2a419e41e2a449070efe58528a1b.jpg,0,1,0,0
healthy_146_jpg.rf.d8ba3c11199be8e95bf2226a30181284.jpg,0,1,0,0
ncd_173_jpg.rf.8a6b8c86b3d7ed4007c57bf69f2649a9.jpg,0,0,1,0
ncd_191_jpg.rf.2783bc0e8709559254a980869f78524f.jpg,0,0,1,0
ncd_161_jpg.rf.b763ea79ee9e83a367ba9525f6454cca.jpg,0,0,1,0
ncd_127_jpg.rf.555d5d9482b28047e8256fd26fc809e4.jpg,0,0,1,0
healthy_62_jpg.rf.a299cf06dbaf4001d46d8698eecf9489.jpg,0,1,0,0
cocci_140_jpg.rf.5bcbe6db89a44359c0ccf2de132a5136.jpg,1,0,0,0
healthy_165_jpg.rf.62d80948619b7adb5bbd9dfa9088b9b7.jpg,0,1,0,0
salmo_137_jpg.rf.4c73e75a2dae16020f88339ca96da223.jpg,0,0,0,1
salmo_171_jpg.rf.81da5d38e381914b665f29e2b9962a03.jpg,0,0,0,1
healthy_133_jpg.rf.978230ecbce22bc1333d17d9bb3f3e25.jpg,0,1,0,0
cocci_143_jpg.rf.632fdcbabc2dd59020c5324e60222dde.jpg,1,0,0,0
cocci_15_jpg.rf.ad664974e3bf8504bc7f70c97583bb48.jpg,1,0,0,0
ncd_138_jpg.rf.aa78f6f2e59b4dad15362988e866877c.jpg,0,0,1,0
salmo_172_jpg.rf.c86ba424fd0d8c38142885485fdb0ce4.jpg,0,0,0,1
healthy_159_jpg.rf.c52212a8dd3a1eb0af0e4f5b0b77739b.jpg,0,1,0,0
ncd_232_jpg.rf.c29ef2c64cd86a26e0250819ffa5501a.jpg,0,0,1,0
healthy_73_jpg.rf.d3029bcdd274eb128d6ae328fc9e49b5.jpg,0,1,0,0
salmo_71_jpg.rf.98502e9478ed5f862c3cf416be0e54ff.jpg,0,0,0,1
ncd_79_jpg.rf.e4b358b7acc2cb4629aa1eb3404a82f5.jpg,0,0,1,0
ncd_119_jpg.rf.dce48a8926d25fb6738fe842c656bf35.jpg,0,0,1,0
salmo_120_jpg.rf.b3ee597061bbe624e323063c068f9409.jpg,0,0,0,1
cocci_96_jpg.rf.ea8bebb280fed46d97bc48b27e42fb5e.jpg,1,0,0,0
healthy_107_jpg.rf.35c431fbe80d39cd4176bcf107c8603c.jpg,0,1,0,0
ncd_173_jpg.rf.30251b6c94813e44888a1e7a75f3630b.jpg,0,0,1,0
ncd_114_jpg.rf.82f68bb83e08c2a76680b7cb082f616f.jpg,0,0,1,0
healthy_92_jpg.rf.71867c73c39b9327961747e519f23018.jpg,0,1,0,0
ncd_118_jpg.rf.38945a1009ba15e238dd10c0db67b64e.jpg,0,0,1,0
cocci_29_jpg.rf.2fc193d4e60a9afca79a327cb6bd02f1.jpg,1,0,0,0
healthy_37_jpg.rf.83fcd110c0750f5d65afae353066d5ef.jpg,0,1,0,0
salmo_68_jpg.rf.8c8afa885c8b20dc73179f57e1cf6443.jpg,0,0,0,1
cocci_126_jpg.rf.9255941a05e6ec720fca708bc98dfb16.jpg,1,0,0,0
ncd_151_jpg.rf.46ff55f7c29cc16cea3d7e326a435ec6.jpg,0,0,1,0
healthy_162_jpg.rf.0d6c46b90581b6172bdc83608ca53403.jpg,0,1,0,0
salmo_5_jpg.rf.e29281227030bce02e6ee1d288a6e5f6.jpg,0,0,0,1
salmo_122_jpg.rf.22105921fad026fb8c54c8dde02bd4b8.jpg,0,0,0,1
salmo_160_jpg.rf.59a0db9ed9aeb3bb3cf894c9a00252cc.jpg,0,0,0,1
salmo_166_jpg.rf.d607a23a6d5c0bf558f096327ffcc218.jpg,0,0,0,1
cocci_11_jpg.rf.9b949414381493f0cab8a3c911c9eb8f.jpg,1,0,0,0
ncd_224_jpg.rf.336a83ff773bf2849717086b0b310cbb.jpg,0,0,1,0
salmo_138_jpg.rf.d14b5a75354ca74ae81b9ccc225b6c75.jpg,0,0,0,1
ncd_164_jpg.rf.8c8660bacac808d27d18174f4a3a3645.jpg,0,0,1,0
healthy_138_jpg.rf.c9e6f501ba6a20c314664d77a682f58b.jpg,0,1,0,0
salmo_53_jpg.rf.e0acd608141413edafedc9a1838d9097.jpg,0,0,0,1
cocci_138_jpg.rf.bb874113ba3d7dd7250087743e82bd24.jpg,1,0,0,0
ncd_188_jpg.rf.6b0a58a150beababe0490808772e16ab.jpg,0,0,1,0
healthy_136_jpg.rf.57db1529d4d1e1122ae3e1e620b01113.jpg,0,1,0,0
ncd_21_jpg.rf.271e52004b49409e011a062617240035.jpg,0,0,1,0
ncd_18_jpg.rf.fefae3ec305a9676d3dc6bf72885ed3c.jpg,0,0,1,0
salmo_125_jpg.rf.cb0a3df9c721c4c6198c53ca987754c7.jpg,0,0,0,1
ncd_137_jpg.rf.024f20471864f86907be6d91180a00d4.jpg,0,0,1,0
ncd_125_jpg.rf.8eec612be93e91644dbf62e5bbd9b609.jpg,0,0,1,0
cocci_1_jpg.rf.b25b5e6f0b641d2ec5d1fe32ae8deb7d.jpg,1,0,0,0
salmo_85_jpg.rf.6928ba3f69412fc7585993e2a1bc048a.jpg,0,0,0,1
cocci_5_jpg.rf.2949b5937b4274c407508a32c834a1d2.jpg,1,0,0,0
healthy_57_jpg.rf.2923087f41d19339b74599e6be6136bb.jpg,0,1,0,0
salmo_117_jpg.rf.4f935b9c7c11dac14d6cffb9ab9983f9.jpg,0,0,0,1
salmo_142_jpg.rf.559ed304f4299d64afb13adf83bed508.jpg,0,0,0,1
ncd_182_jpg.rf.5ad62d121756a1fbf201acc586b75bbd.jpg,0,0,1,0
healthy_57_jpg.rf.e9daa2649cc943e99b9f3b806dadd212.jpg,0,1,0,0
cocci_132_jpg.rf.b035e8ae8920ed2f99fe52957c966e6f.jpg,1,0,0,0
cocci_115_jpg.rf.868758ca36b481e37d4083e303ff8589.jpg,1,0,0,0
salmo_80_jpg.rf.b2e294844d6f1fd9bc6f1cb0c9e0a774.jpg,0,0,0,1
cocci_100_jpg.rf.068f07a7dfc9251926bca5c7efe718a8.jpg,1,0,0,0
healthy_80_jpg.rf.b93559658d123fa17a8ec61238d6a5db.jpg,0,1,0,0
salmo_11_jpg.rf.62a85f4bc476e403480caf174d296b8f.jpg,0,0,0,1
cocci_49_jpg.rf.e0ea01781e5593073e3104e41c45f75f.jpg,1,0,0,0
ncd_120_jpg.rf.7ddd340511eb75f125e5d986e5a74562.jpg,0,0,1,0
salmo_31_jpg.rf.6edd44a777052614e781de27f6e90431.jpg,0,0,0,1
ncd_101_jpg.rf.bfdcbd8aec537f2e57d0a910ac8862c2.jpg,0,0,1,0
cocci_117_jpg.rf.33768ba553bd8d831a08b5feccb95eba.jpg,1,0,0,0
ncd_43_jpg.rf.39490351e31da015ce43630973409f36.jpg,0,0,1,0
salmo_184_jpg.rf.8136829993ea5cd0f4301681e9bb89ea.jpg,0,0,0,1
ncd_161_jpg.rf.14fb5e882c29f078434ed77de1ce68dd.jpg,0,0,1,0
healthy_18_jpg.rf.54cc6ab009fd9e910da7f776e5d1982d.jpg,0,1,0,0
ncd_161_jpg.rf.a26852dd6cbd7f36662e2ca852fc2c01.jpg,0,0,1,0
healthy_17_jpg.rf.42bd77598d22ffff63d05ce4a719eadc.jpg,0,1,0,0
ncd_120_jpg.rf.61d956e30bc4936ef00197bee9b76a36.jpg,0,0,1,0
healthy_93_jpg.rf.e7add05f35824dcc83fbd5f825fc7cac.jpg,0,1,0,0
cocci_77_jpg.rf.677f9a1d0d5d8f081c696364102224ff.jpg,1,0,0,0
ncd_100_jpg.rf.9ccf8de7cc5d359a80645ac4ee0d5d25.jpg,0,0,1,0
salmo_8_jpg.rf.2cd1e32fd7fc26a8e26c99116398994b.jpg,0,0,0,1
cocci_27_jpg.rf.c2ae400c30a0b1c8e32d1c2ae56ca429.jpg,1,0,0,0
salmo_71_jpg.rf.aecda4f23aa35f9fc7b4e6c4ae3e9b3e.jpg,0,0,0,1
healthy_32_jpg.rf.0b4876cb7512c96921eb6248495789e2.jpg,0,1,0,0
ncd_1_jpg.rf.89817e7089d27d562d7730546b2fb292.jpg,0,0,1,0
ncd_79_jpg.rf.83128da3d0292c454a8d669dae3ed558.jpg,0,0,1,0
healthy_130_jpg.rf.8a6b0af51aca8dab0a85d1fd31267642.jpg,0,1,0,0
salmo_11_jpg.rf.16151c2cd5b0ffe770a1fc0a05a33e28.jpg,0,0,0,1
cocci_120_jpg.rf.11955e89334f01c34e73f109f6974ea2.jpg,1,0,0,0
healthy_100_jpg.rf.fb11d433450bd767b21edc6dc5ce798f.jpg,0,1,0,0
salmo_16_jpg.rf.4c44d34e11233fc2d411fdc9f8f5fb05.jpg,0,0,0,1
salmo_93_jpg.rf.f96b97def438f7ce42265f2d90eda7c0.jpg,0,0,0,1
healthy_37_jpg.rf.228300847414a3cc791be73b1b10bc65.jpg,0,1,0,0
healthy_146_jpg.rf.75e293cc09220060307ec01892c5b42f.jpg,0,1,0,0
cocci_46_jpg.rf.8716ff856832fcdb22db51bacf4a2210.jpg,1,0,0,0
cocci_87_jpg.rf.7501d934859f8efa5abba4ff775a8bfe.jpg,1,0,0,0
ncd_147_jpg.rf.6a6ce15d42826d665c7bddeab61e8ca0.jpg,0,0,1,0
healthy_89_jpg.rf.aebdad9bab3b022e8821acde9601d7af.jpg,0,1,0,0
salmo_193_jpg.rf.86cd1b80ef664a80dafdbcf19357493f.jpg,0,0,0,1
healthy_139_jpg.rf.fe355b1002042fde0fd9b6ebbf975565.jpg,0,1,0,0
cocci_12_jpg.rf.b14e4e46ed9742f4ef01aa85ca168ca4.jpg,1,0,0,0
salmo_114_jpg.rf.17dc022eb063256ed91235c9937bea83.jpg,0,0,0,1
ncd_239_jpg.rf.13a5dae4de4814343016eb6f35acff6c.jpg,0,0,1,0
cocci_113_jpg.rf.cbf00b87e00698ecefdeb618755d499e.jpg,1,0,0,0
cocci_86_jpg.rf.d0b18ccaace512206b0a09fdeea8501d.jpg,1,0,0,0
cocci_95_jpg.rf.dffa052cc235f562570ff6d52ae574eb.jpg,1,0,0,0
ncd_127_jpg.rf.fe9217a011c5598dcb77278e8eaf441b.jpg,0,0,1,0
cocci_138_jpg.rf.d425c0455896d47b7ee166b5fa06ce5f.jpg,1,0,0,0
salmo_114_jpg.rf.f5b7a62b7156ecccaaee0a7de88f4643.jpg,0,0,0,1
cocci_115_jpg.rf.03b9dcd9c57a70b9a16a19f6b9920858.jpg,1,0,0,0
healthy_63_jpg.rf.d650fbb47819ab72185f17574bb8034e.jpg,0,1,0,0
salmo_101_jpg.rf.67f091dc6cdc729abac7773a6ee79fd0.jpg,0,0,0,1
cocci_107_jpg.rf.7f2b672adcf187ff41fa38328774afdd.jpg,1,0,0,0
cocci_5_jpg.rf.13963b7c36fbb820b4ad72819fbd4b31.jpg,1,0,0,0
healthy_154_jpg.rf.2d21e0f8d8a6beae2eb377994a899977.jpg,0,1,0,0
cocci_75_jpg.rf.4badc4500362b09b9e946d367afc7a91.jpg,1,0,0,0
salmo_68_jpg.rf.87ec62bf3124dc82dfd72eedcba4ec02.jpg,0,0,0,1
salmo_157_jpg.rf.3af65ec3cd9ace8b6db331600a6aa9e8.jpg,0,0,0,1
healthy_10_jpg.rf.7f947f6e8246ea3a3e6a5724b86f94bd.jpg,0,1,0,0
cocci_27_jpg.rf.edc902ad981dfb7cc89fa761e2484762.jpg,1,0,0,0
salmo_151_jpg.rf.9e331da83bec90ada52dc0aff1e50e47.jpg,0,0,0,1
cocci_29_jpg.rf.f445b70d30aad8a77da9620872b6f01a.jpg,1,0,0,0
salmo_142_jpg.rf.01af662f02b353d3aea1cb28001a69d9.jpg,0,0,0,1
healthy_53_jpg.rf.39530731562e3e035e1b67fc297e0c4e.jpg,0,1,0,0
cocci_136_jpg.rf.2307a3ee15c7398c403118de34d92b9f.jpg,1,0,0,0
cocci_99_jpg.rf.f37e47cfa1f90d60d2bcda544870c309.jpg,1,0,0,0
ncd_18_jpg.rf.7a2e845138708a0958e76806b75eab8d.jpg,0,0,1,0
ncd_212_jpg.rf.40a4623cd7dd6ed6225b3fc67e91bf81.jpg,0,0,1,0
cocci_77_jpg.rf.9f20a766e1bde0acaa14dc44f4cd8908.jpg,1,0,0,0
cocci_48_jpg.rf.56a915094e6856f4a4bae167d57a8296.jpg,1,0,0,0
salmo_40_jpg.rf.1fd3e446bc6dbed5828a147228f127a2.jpg,0,0,0,1
healthy_158_jpg.rf.c3592d4169e2ae5f72fcc75ae7124ac5.jpg,0,1,0,0
ncd_214_jpg.rf.e04ec8a937dc227b0834672a4daaa16d.jpg,0,0,1,0
cocci_95_jpg.rf.c9e850e9b165276712d6b36d157fa57c.jpg,1,0,0,0
cocci_11_jpg.rf.2c7852399ba813c4e9faed30be168a95.jpg,1,0,0,0
ncd_17_jpg.rf.cc0876b1d4dcfaa550e43e7393a59c52.jpg,0,0,1,0
cocci_149_jpg.rf.b813291d947e098c218ffee0fc604f6b.jpg,1,0,0,0
cocci_12_jpg.rf.ee52c24c4445ab0200dde0ebe36548c6.jpg,1,0,0,0
healthy_69_jpg.rf.e12c57af7866f2e5c8f989af82c11525.jpg,0,1,0,0
ncd_199_jpg.rf.42cecd76fe191900a9195e08691955c5.jpg,0,0,1,0
cocci_78_jpg.rf.48aa27a33c4baa53dd06694aa110e4e2.jpg,1,0,0,0
salmo_80_jpg.rf.b28a682cde6e9bbd3856ee6952952d47.jpg,0,0,0,1
healthy_155_jpg.rf.22dfef9990fc1ad9971ce707d42a56bc.jpg,0,1,0,0
healthy_116_jpg.rf.f33b4a944bd392d352df64177cf6d033.jpg,0,1,0,0
healthy_113_jpg.rf.349d0ff30a02899eec8850ac784fa7c0.jpg,0,1,0,0
salmo_93_jpg.rf.d8616de9f28a908881497e6a9153cd31.jpg,0,0,0,1
salmo_47_jpg.rf.2b6e0909c6095982b3fb47769d586c0a.jpg,0,0,0,1
ncd_121_jpg.rf.0a49a0c09cad17d7e4014dc80fab45a3.jpg,0,0,1,0
ncd_128_jpg.rf.e8b336d6488533f0aa827e7b984ff7c2.jpg,0,0,1,0
ncd_172_jpg.rf.cd2c2d50e42049662f11227d3703606d.jpg,0,0,1,0
cocci_146_jpg.rf.b2a43967ca7f618d83619cd5e163841b.jpg,1,0,0,0
salmo_177_jpg.rf.b60fec189573b17597ea2af529b5360e.jpg,0,0,0,1
salmo_105_jpg.rf.ca808e03eac795059a1b036d2fae932a.jpg,0,0,0,1
healthy_122_jpg.rf.eb84dd89b30811600dc128c1b7602fb7.jpg,0,1,0,0
cocci_148_jpg.rf.b5c59e8bc4c484828da28d3fdd3b336d.jpg,1,0,0,0
salmo_14_jpg.rf.f9b6ca2b9684422f909273df530c4563.jpg,0,0,0,1
salmo_184_jpg.rf.e6330c5113980ac7dd1f9c1b055d9419.jpg,0,0,0,1
salmo_8_jpg.rf.476217fa07e354c3b3a48d56ad3947d9.jpg,0,0,0,1
cocci_2_jpg.rf.7e9d50eca86a69a9c7fef8d994143d14.jpg,1,0,0,0
ncd_174_jpg.rf.8a7dccd2b5b458c3a1108d106fe45935.jpg,0,0,1,0
salmo_165_jpg.rf.72e5243ae755d552dd46378ce7bc09e4.jpg,0,0,0,1
salmo_110_jpg.rf.4bda3ae7b003ac756f8274594e82b01b.jpg,0,0,0,1
ncd_113_jpg.rf.64b422ee61ace4b365a5325282e6588a.jpg,0,0,1,0
ncd_132_jpg.rf.339baaa8dc8d248b11bd0707c51458fe.jpg,0,0,1,0
cocci_8_jpg.rf.a4a3bd1f91e6e9cf230dd94657d79abb.jpg,1,0,0,0
healthy_6_jpg.rf.dda43087f2eb2b72daec58150893a8c6.jpg,0,1,0,0
healthy_138_jpg.rf.175eb74357cbc8e662f11ad6a9313675.jpg,0,1,0,0
ncd_119_jpg.rf.016d270cdba78a742a03a9d03737c975.jpg,0,0,1,0
cocci_13_jpg.rf.5d0928fc86b7662594e954325f1a7b20.jpg,1,0,0,0
healthy_43_jpg.rf.b87cc1c895bda8fb976b3ac4cb4240be.jpg,0,1,0,0
salmo_56_jpg.rf.aca7d1094720d11e9da21efcaf976bf5.jpg,0,0,0,1
salmo_79_jpg.rf.ff6279195aa8b1d76e25443a8f4e8e5e.jpg,0,0,0,1
ncd_244_jpg.rf.cb29e337334d67f584123d084baddcf5.jpg,0,0,1,0
ncd_94_jpg.rf.109f7bd8b90ec2de29d8517dae2fb8a0.jpg,0,0,1,0
salmo_159_jpg.rf.88172b638a899c78138c86bf1e2a2e0c.jpg,0,0,0,1
cocci_80_jpg.rf.ed2df02142929845013d89e1e7ff22b0.jpg,1,0,0,0
salmo_100_jpg.rf.7b12f324c98b5d0b349b80f4f274fb6a.jpg,0,0,0,1
healthy_109_jpg.rf.e3db2571af7d1ce8ee60b6791a0dc0ab.jpg,0,1,0,0
healthy_50_jpg.rf.3125ba599dc4b5813771afa7e66aa670.jpg,0,1,0,0
ncd_23_jpg.rf.052d68ef87b08a294d7231045780f619.jpg,0,0,1,0
salmo_23_jpg.rf.0d4386cfd4c1803248b31718520020a9.jpg,0,0,0,1
salmo_81_jpg.rf.87d33624eaf745d7ab0a309c7f90a599.jpg,0,0,0,1
healthy_158_jpg.rf.3e63762ff998653105ce00853074bb69.jpg,0,1,0,0
healthy_70_jpg.rf.cc74122de5cda9b5094b8cd397274b58.jpg,0,1,0,0
ncd_135_jpg.rf.b3572ec97c46dd026eec57f53fb0e2ea.jpg,0,0,1,0
healthy_73_jpg.rf.3fe25a111400f60d9f47b2784a1f6e5f.jpg,0,1,0,0
cocci_96_jpg.rf.a45b22106ef186d1e20025bba26cb2c5.jpg,1,0,0,0
healthy_82_jpg.rf.123f6152d3e32561279d02e99b0dbc37.jpg,0,1,0,0
healthy_152_jpg.rf.1541ae433052e7da424657f78fe14acc.jpg,0,1,0,0
salmo_100_jpg.rf.49d0c02a8754f1385242fab91acc29b4.jpg,0,0,0,1
ncd_173_jpg.rf.e4f2212c525ab9700ee9360d0566b247.jpg,0,0,1,0
cocci_120_jpg.rf.81c5b1c365fe37da94815374d494ad4b.jpg,1,0,0,0
cocci_137_jpg.rf.36823dbca5bdddf5e3bd2cc59a9a339d.jpg,1,0,0,0
ncd_174_jpg.rf.a4cdb4f43ebf843e98d24641772233a8.jpg,0,0,1,0
ncd_13_jpg.rf.70412ac8d80d2096d66d3133c3a71dc8.jpg,0,0,1,0
salmo_123_jpg.rf.70f464ffcb707a0a49b3eecccb114218.jpg,0,0,0,1
ncd_169_jpg.rf.a8f60e61d119a2cc289db252dac090e8.jpg,0,0,1,0
ncd_174_jpg.rf.44cb3949d73c61d57537c27698983509.jpg,0,0,1,0
healthy_160_jpg.rf.e9d4a5f316849dffb9f3accaf5ac20bc.jpg,0,1,0,0
cocci_46_jpg.rf.2fe9a4734836e48d6bfb14bd52542332.jpg,1,0,0,0
healthy_55_jpg.rf.d5e802ce2696ff8838e4e0a03c0cb5ba.jpg,0,1,0,0
cocci_34_jpg.rf.8b3369af4e52077985eb27ba82e5ad40.jpg,1,0,0,0
cocci_11_jpg.rf.67ee867b7ea43517c7b5354fd8bfd51f.jpg,1,0,0,0
salmo_104_jpg.rf.6a9fcaa15e7be4d9c41bfb83df776898.jpg,0,0,0,1
ncd_114_jpg.rf.2c15957ee8a70ebeb5ba2d79b83014ac.jpg,0,0,1,0
salmo_124_jpg.rf.3eb8705d7a0660f3e3d64076ba8d4001.jpg,0,0,0,1
salmo_171_jpg.rf.dc16a051d3b1a9cff15d0cdfdee75c8d.jpg,0,0,0,1
healthy_82_jpg.rf.087274cb7ae00be4b023513a719b2da1.jpg,0,1,0,0
healthy_114_jpg.rf.1100146837afb5b88f4a688c1c61bb12.jpg,0,1,0,0
healthy_157_jpg.rf.6ee0cbe94e285583dcdc868c089124ae.jpg,0,1,0,0
cocci_40_jpg.rf.f2b61d67cd531dd43316cd02d497d509.jpg,1,0,0,0
ncd_172_jpg.rf.9ee77c98a2ed93c17dce4b2eaa9a3765.jpg,0,0,1,0
ncd_193_jpg.rf.6383eb5d02496739ba73532cdddd8379.jpg,0,0,1,0
cocci_134_jpg.rf.07cdfa3dbeb34136811502ede6a2abdc.jpg,1,0,0,0
healthy_2_jpg.rf.eeef9ae7faa4b81a14a476cbb6003b21.jpg,0,1,0,0
cocci_49_jpg.rf.7ab62982d4562b19df214cc45121c029.jpg,1,0,0,0
salmo_149_jpg.rf.19d6bc95e9e163aeb6ee6495a44192cd.jpg,0,0,0,1
salmo_137_jpg.rf.0b01b87a7671175add3d0f5d607a43b5.jpg,0,0,0,1
salmo_157_jpg.rf.423e2c24881ec4a119d6f9d86de07ec5.jpg,0,0,0,1
healthy_48_jpg.rf.ce44793bbb08e7bc3f87cb6f92e6bc34.jpg,0,1,0,0
salmo_143_jpg.rf.fe071b32c4645f6e6101fbcd0515f2db.jpg,0,0,0,1
salmo_134_jpg.rf.c2a1c22ec62f526a5223e6a57d12fdcf.jpg,0,0,0,1
salmo_130_jpg.rf.842546e05f6f6aa006e7f88586baaace.jpg,0,0,0,1
salmo_149_jpg.rf.719fc7dce935874cc9605246cff41310.jpg,0,0,0,1
ncd_145_jpg.rf.11e5337eb95b45da16b20840633add71.jpg,0,0,1,0
cocci_8_jpg.rf.083899ffde186c5d23a1fbf2b9a68974.jpg,1,0,0,0
cocci_20_jpg.rf.0cde5aa94a5443b7c3ca7845a3b673bc.jpg,1,0,0,0
salmo_59_jpg.rf.278fcf9d54a212a7e4a16aca52032674.jpg,0,0,0,1
salmo_56_jpg.rf.a2ad76c117ab43a3048db7d0c10ec4e1.jpg,0,0,0,1
ncd_105_jpg.rf.143a9ac4983e862935b7367f37a80647.jpg,0,0,1,0
cocci_47_jpg.rf.9d16ab3ba2e2aa5f7711dd2c5fc95408.jpg,1,0,0,0
salmo_21_jpg.rf.f7953a66af0834ba96c8d74d4633f86e.jpg,0,0,0,1
cocci_61_jpg.rf.3103d3c3acba0b2e632d4307cded6255.jpg,1,0,0,0
cocci_100_jpg.rf.792b0941fe429c421bf178a3597a1924.jpg,1,0,0,0
healthy_17_jpg.rf.a6a24f0738357cdd28713d2a2ec93d6e.jpg,0,1,0,0
salmo_14_jpg.rf.78cbd81f452bd4e279da2ec60378920a.jpg,0,0,0,1
salmo_16_jpg.rf.d131db6fad22cf52693bc7b8cbcb0f5b.jpg,0,0,0,1
ncd_183_jpg.rf.9756a12a01deec517a4130ac88ce26de.jpg,0,0,1,0
cocci_27_jpg.rf.93569af3d841b66e4d702697ac23b8de.jpg,1,0,0,0
cocci_89_jpg.rf.07e31257f90c4b0b834b560dce070fcf.jpg,1,0,0,0
cocci_89_jpg.rf.e2e9de7c427274b9482be3806783bf71.jpg,1,0,0,0
salmo_44_jpg.rf.b2c91298fc869851c07305ae06476e94.jpg,0,0,0,1
salmo_154_jpg.rf.b71fb6fa688b6397b7f33f998d768aa9.jpg,0,0,0,1
cocci_60_jpg.rf.d4814ac1d785db3b114b6e0680f31417.jpg,1,0,0,0
ncd_113_jpg.rf.8b8d80551b282924b7716c94f788a6c7.jpg,0,0,1,0
cocci_130_jpg.rf.9b67aa6396b81d13dcc527bb450e04ff.jpg,1,0,0,0
salmo_70_jpg.rf.7e29896645bba33c081821980412c68f.jpg,0,0,0,1
cocci_63_jpg.rf.778ef91be2013f39ebccf382863a85c7.jpg,1,0,0,0
ncd_201_jpg.rf.e2c2afa476039fd3012a2f3e068e12b1.jpg,0,0,1,0
healthy_17_jpg.rf.146042408393e8e271afd9042d46b49a.jpg,0,1,0,0
cocci_14_jpg.rf.cd8dd535a664fbc604ca2dddeef686f5.jpg,1,0,0,0
ncd_195_jpg.rf.3602312ea36f8e7dcb070cb9c68ee61d.jpg,0,0,1,0
cocci_15_jpg.rf.8027a6be593a50740a272709e5ec8ee3.jpg,1,0,0,0
salmo_170_jpg.rf.0790a70a2ab5c47ed7cd561afc77dda4.jpg,0,0,0,1
healthy_68_jpg.rf.a1dd948d7103b01645e056ad8f03b7a2.jpg,0,1,0,0
ncd_202_jpg.rf.75194f8508eff8b3f882385ae1773a84.jpg,0,0,1,0
healthy_53_jpg.rf.f33d7c7257f2a32c52d011b56e885f1d.jpg,0,1,0,0
cocci_110_jpg.rf.3340734856d0bb8bc3f9f29db30e2043.jpg,1,0,0,0
salmo_122_jpg.rf.8fe21c5846380b6e58af23177bcdc392.jpg,0,0,0,1
cocci_116_jpg.rf.32155da22f0eb32cd7e44ffbc5a02899.jpg,1,0,0,0
ncd_195_jpg.rf.1288333d773efb2ee6f7e3b65c4b4b95.jpg,0,0,1,0
salmo_70_jpg.rf.42c87fff3dfc4773350d78cc27a29965.jpg,0,0,0,1
salmo_128_jpg.rf.b3468e507f6f600a71768a0b9e9156c1.jpg,0,0,0,1
cocci_90_jpg.rf.6055a012fbdf14afe065eda6e46262a5.jpg,1,0,0,0
ncd_113_jpg.rf.2b711df4e988f8dceb92b62aedeb99fa.jpg,0,0,1,0
cocci_80_jpg.rf.cb43a1720d7e66394a02e39df5ea74ea.jpg,1,0,0,0
ncd_133_jpg.rf.f0c16ab1b7ab10a8504b21c1a8a12b31.jpg,0,0,1,0
cocci_131_jpg.rf.866e41720530a598af0b2dd92daacfa6.jpg,1,0,0,0
salmo_166_jpg.rf.03a1528e502ab02d5ab54e78d5f2cf52.jpg,0,0,0,1
salmo_78_jpg.rf.b004cc607d08848f550b4785173d3521.jpg,0,0,0,1
salmo_163_jpg.rf.7925069d97d4f4649e64b5448db4f2ce.jpg,0,0,0,1
salmo_66_jpg.rf.6bfc6f46c922a56dc6f041adce4b7a9e.jpg,0,0,0,1
cocci_113_jpg.rf.fb8e0949b9bd0778ea8568736a36b9fa.jpg,1,0,0,0
salmo_109_jpg.rf.098e3d1fc0ec201e8517dcf110694e1e.jpg,0,0,0,1
ncd_136_jpg.rf.a06eab557547f49603284a35728165f1.jpg,0,0,1,0
cocci_155_jpg.rf.9ba8804f1240e2c3d9328c5d7790eb2f.jpg,1,0,0,0
cocci_123_jpg.rf.ccbe3c44f9d3a03e14ff337440a9e02b.jpg,1,0,0,0
salmo_125_jpg.rf.6531de25f4693f25c2a20a3e9124c56f.jpg,0,0,0,1
ncd_193_jpg.rf.549236af8c44e191245b51f291908579.jpg,0,0,1,0
salmo_170_jpg.rf.36902ad9ba131143b15c2c0a7e2cef33.jpg,0,0,0,1
healthy_71_jpg.rf.c32a26e38b923a75788a8c2d98364097.jpg,0,1,0,0
salmo_104_jpg.rf.00766cbae2b2e62e6ee988dd09c8facb.jpg,0,0,0,1
cocci_95_jpg.rf.49c4473d4109516ed23d27bde3d238e1.jpg,1,0,0,0
ncd_101_jpg.rf.0a34012227994f8e18b04bfe2a2f111e.jpg,0,0,1,0
cocci_117_jpg.rf.73fd6eb9cf00b1dd463f702b4d2faa1c.jpg,1,0,0,0
salmo_85_jpg.rf.95915e3d2259323da68b9d053ec4c526.jpg,0,0,0,1
salmo_109_jpg.rf.1c3ca4fd087daf2e603891598fb704d1.jpg,0,0,0,1
salmo_143_jpg.rf.1519b4999adb8d1e5cfabf65f986a771.jpg,0,0,0,1
healthy_127_jpg.rf.b70151e6650ce89baa9c35b1a944d6ab.jpg,0,1,0,0
salmo_129_jpg.rf.8dac0423d18af8d8cf0d9dc199e9286b.jpg,0,0,0,1
healthy_129_jpg.rf.d381ff9f26c53bbffabcdad6cc203022.jpg,0,1,0,0
cocci_136_jpg.rf.567cedb653d76e10f36a10f0dcff6149.jpg,1,0,0,0
healthy_14_jpg.rf.fe37ba93a18e14fb088baf42c9bbe4a5.jpg,0,1,0,0
salmo_47_jpg.rf.b6127c716292162ae220909d38ffc062.jpg,0,0,0,1
healthy_114_jpg.rf.3e569777b6a4984ed2a9ebe0e81a8193.jpg,0,1,0,0
salmo_11_jpg.rf.e9edecf722147601325aa6957d67c92d.jpg,0,0,0,1
salmo_108_jpg.rf.c9a1cc9d4b31c12c7f74357db0157457.jpg,0,0,0,1
salmo_111_jpg.rf.0ef11f61e50ef1256986f01707c824d8.jpg,0,0,0,1
cocci_130_jpg.rf.698d13be6103472ccbb8c918c7fc69bd.jpg,1,0,0,0
salmo_68_jpg.rf.281cbc36887789e1684c83c3de1a814f.jpg,0,0,0,1
ncd_191_jpg.rf.60b34110f1a8c97c365ae728048d5b55.jpg,0,0,1,0
healthy_70_jpg.rf.d149431999a1d64f8803ea69cf76bb03.jpg,0,1,0,0
ncd_146_jpg.rf.fd3740e261e2ec9ae8961c16790a4793.jpg,0,0,1,0
salmo_140_jpg.rf.05a35e6909cda2b9465199d37034c920.jpg,0,0,0,1
ncd_94_jpg.rf.8d59e8ffd91e7ebea430f6ab6174bf6c.jpg,0,0,1,0
cocci_71_jpg.rf.605400500ab418f45ddc6d9486cf497b.jpg,1,0,0,0
salmo_53_jpg.rf.b195bf6367024d995b3a22b14b746bdb.jpg,0,0,0,1
cocci_158_jpg.rf.bbfd6013b5fd4ce01ddceba1d80a4e59.jpg,1,0,0,0
healthy_109_jpg.rf.16a125dac999a1f3bd444caff5f0f3cb.jpg,0,1,0,0
healthy_12_jpg.rf.936e6927884b368f5071a6acb86b4458.jpg,0,1,0,0
cocci_29_jpg.rf.78031a3c29e4650c96d77679f838adb4.jpg,1,0,0,0
ncd_165_jpg.rf.7a053eb8952886a8d930d2d3c469b152.jpg,0,0,1,0
ncd_164_jpg.rf.d05190f261b102c923567ca4b99c5373.jpg,0,0,1,0
salmo_108_jpg.rf.098cd60b5c7c9aab25cd35240a7a7781.jpg,0,0,0,1
ncd_117_jpg.rf.211a4b576e896ef1cd04cb57e752276f.jpg,0,0,1,0
cocci_115_jpg.rf.834f6a76cb64d504fc5ab62601aef2f0.jpg,1,0,0,0
salmo_123_jpg.rf.3ac9540f5302b301d1dc6cfc46bf092c.jpg,0,0,0,1
ncd_119_jpg.rf.9f3f44cb5b025517b94b022f1ce498b5.jpg,0,0,1,0
salmo_66_jpg.rf.ea9d4287fc5be5116b279a2089e4cae7.jpg,0,0,0,1
salmo_117_jpg.rf.1222e1d7b166b2bc6f9c3a0d8cfc0bf8.jpg,0,0,0,1
cocci_78_jpg.rf.e3b70c698ee6765cd50faf2a854fffe9.jpg,1,0,0,0
cocci_51_jpg.rf.99203d33bf6bacfd8853c61ed32bb720.jpg,1,0,0,0
healthy_18_jpg.rf.b323a0215511e5e242c4e40f17b242d7.jpg,0,1,0,0
salmo_172_jpg.rf.5851a80e912151885c609df9f25b827d.jpg,0,0,0,1
cocci_41_jpg.rf.b5e0e41f60b3d8dc522417e03fa3ac3b.jpg,1,0,0,0
salmo_27_jpg.rf.67a45074e3a6790d497d3304f01fd85e.jpg,0,0,0,1
healthy_168_jpg.rf.5965ee13bebf56bbc4f18ad36085df73.jpg,0,1,0,0
cocci_68_jpg.rf.2c9dc8c0426de5a6a9fa27fc374c0a0f.jpg,1,0,0,0
healthy_116_jpg.rf.fccda7b460d826dbf5534654f4f51dde.jpg,0,1,0,0
salmo_120_jpg.rf.fa76a367d197ab57591e3856b9c4cc9f.jpg,0,0,0,1
healthy_129_jpg.rf.1a10352b5e785f0b9346da2855522b7e.jpg,0,1,0,0
salmo_69_jpg.rf.081957c920a6e2213cf50147a4a0d448.jpg,0,0,0,1
ncd_165_jpg.rf.1a12ff3926117c08dda223085e300807.jpg,0,0,1,0
cocci_99_jpg.rf.5b8b5fd81abfa374c14087328e67f496.jpg,1,0,0,0
salmo_54_jpg.rf.71141682c529753d50200c32df5e0a9a.jpg,0,0,0,1
healthy_7_jpg.rf.fd52922abd324778a3c65303ea725302.jpg,0,1,0,0
ncd_201_jpg.rf.3019782e4d562e2a70c0e8882655e1e4.jpg,0,0,1,0
healthy_1_jpg.rf.02d756e51a30c7bd1aa9b1fc8f7ee22c.jpg,0,1,0,0
salmo_157_jpg.rf.096c8e8344047f96db940a34505a9ba4.jpg,0,0,0,1
cocci_90_jpg.rf.d9fc7676c02b891fe26dd1a555cf03c8.jpg,1,0,0,0
healthy_70_jpg.rf.f6c2c7fa16617366df181497a763e259.jpg,0,1,0,0
salmo_182_jpg.rf.7fe6434ae7e4e61ea7dd1fd1e019096b.jpg,0,0,0,1
cocci_91_jpg.rf.aa2aff0b8055331efb70decfad531234.jpg,1,0,0,0
healthy_108_jpg.rf.4dd31428008f31ca00e9dd9011e80d58.jpg,0,1,0,0
salmo_137_jpg.rf.0d1febc375da183dc72cb627ee8795b1.jpg,0,0,0,1
healthy_114_jpg.rf.30fced3aae2a3a16ec42518417c8065a.jpg,0,1,0,0
salmo_183_jpg.rf.f1927d0d1dd3059271ac17eda9d3b654.jpg,0,0,0,1
cocci_68_jpg.rf.eb782cb4b34363047ae73df6cd33e7be.jpg,1,0,0,0
cocci_68_jpg.rf.4337ec60c676d0e59ef446b665dd9cc4.jpg,1,0,0,0
salmo_54_jpg.rf.b0984aa2251f065257becc2b82a1521d.jpg,0,0,0,1
cocci_40_jpg.rf.00d60f2f055ae75af4fc4a5887701df9.jpg,1,0,0,0
ncd_147_jpg.rf.345945e5bf0e3a167fca11cfce656ba7.jpg,0,0,1,0
salmo_69_jpg.rf.d364125e068bf0be180cc51ede10c826.jpg,0,0,0,1
salmo_56_jpg.rf.86fb86d8ebcae177e6a82fb74b133536.jpg,0,0,0,1
healthy_1_jpg.rf.d5736bedb8c20b97b59b4014651308a3.jpg,0,1,0,0
ncd_180_jpg.rf.7a075cf9f8b23a7a1d4720ab0a292401.jpg,0,0,1,0
ncd_65_jpg.rf.82af69ed6ba0fa3e2669e197c6667015.jpg,0,0,1,0
ncd_122_jpg.rf.4d3b07e382873880c87d27701538279c.jpg,0,0,1,0
ncd_222_jpg.rf.d4af0ab8bc0c2ba90018277cd2b3b2eb.jpg,0,0,1,0
salmo_37_jpg.rf.f336aa1f4ad4e70a804d2362b7a2e069.jpg,0,0,0,1
ncd_137_jpg.rf.12594240133ede9c688cca55dcdefdca.jpg,0,0,1,0
healthy_153_jpg.rf.da2343c67bf67e0eeab9cfd38f59ce6a.jpg,0,1,0,0
cocci_61_jpg.rf.edaca5169ebcc0874bb73db109bedf09.jpg,1,0,0,0
ncd_121_jpg.rf.1b97e21e18e9af0ceffe6ff638729697.jpg,0,0,1,0
salmo_37_jpg.rf.e305405e906eb3108553691d12df1b9d.jpg,0,0,0,1
cocci_14_jpg.rf.e269f6764aeee99db05366381c68a0e9.jpg,1,0,0,0
cocci_149_jpg.rf.73c2310b127b7f0e10de1046c431e1db.jpg,1,0,0,0
healthy_153_jpg.rf.ce87090331a800b192b99f4b22d7dd9f.jpg,0,1,0,0
healthy_69_jpg.rf.d8858e8ccc4aef8b9dfa34bd1ff50633.jpg,0,1,0,0
ncd_183_jpg.rf.8d919581d3da49194240f16e678419db.jpg,0,0,1,0
salmo_193_jpg.rf.1cecc4da4f10424eb9339496b4bd89ea.jpg,0,0,0,1
salmo_151_jpg.rf.1aaa571ba309b794b9256faac6b962e7.jpg,0,0,0,1
healthy_62_jpg.rf.8a956595eae4d7bd5c5a0393d468be53.jpg,0,1,0,0
ncd_227_jpg.rf.cff77eb6e668bbb9f1dcbd51e40c490e.jpg,0,0,1,0
ncd_183_jpg.rf.6479f4f56a0462d06a243dd62bc47b0f.jpg,0,0,1,0
salmo_71_jpg.rf.e600d36865fc63421644e73bd84f2230.jpg,0,0,0,1
cocci_129_jpg.rf.ab6e0d083ef09f1096c50f18bff78733.jpg,1,0,0,0
healthy_91_jpg.rf.890d75c7f7c2b8d4210d99d5796b764f.jpg,0,1,0,0
cocci_41_jpg.rf.887354687740d8894691f54ed92af93d.jpg,1,0,0,0
salmo_31_jpg.rf.12c96a6814ec017e2ea59cc6e9e4378c.jpg,0,0,0,1
healthy_43_jpg.rf.1e5bec217ce2821f34173edcea4c0a89.jpg,0,1,0,0
salmo_8_jpg.rf.e930881d9ed500fa1ba382507a3fe3c2.jpg,0,0,0,1
healthy_6_jpg.rf.7d13c7383af29de7099a61a9811fd94a.jpg,0,1,0,0
cocci_112_jpg.rf.3428340ea874ad55bae4aa6ccdd60271.jpg,1,0,0,0
ncd_190_jpg.rf.420a99b0a9137ccbe26aa9387d1e2d46.jpg,0,0,1,0
cocci_71_jpg.rf.c8a4a331131c7b0f5e790888c1cc97d1.jpg,1,0,0,0
cocci_129_jpg.rf.f604cbcaa2441483cb270ce4905dca2e.jpg,1,0,0,0
ncd_102_jpg.rf.1ce40d0860dca3dfc9b10191e4edc47c.jpg,0,0,1,0
ncd_165_jpg.rf.e43bf0a0ed54e58b2a0cead59d6dad68.jpg,0,0,1,0
salmo_126_jpg.rf.f6e2804afbeeeb32d20c9c2d299490c6.jpg,0,0,0,1
healthy_48_jpg.rf.7893dcea2fd3e0da695787f879cb3c62.jpg,0,1,0,0
healthy_52_jpg.rf.915d1f3a18c565d2c59bb4a33f1be08a.jpg,0,1,0,0
salmo_136_jpg.rf.67cb95808f339259801d7af3a39d238d.jpg,0,0,0,1
salmo_14_jpg.rf.96ee4a8c3ce51490d5c57c4a77826e45.jpg,0,0,0,1
cocci_13_jpg.rf.6af6c3c76ae4c5999a803a638409b65a.jpg,1,0,0,0
salmo_159_jpg.rf.d071749936a465603fd53219fdd6b27a.jpg,0,0,0,1
ncd_214_jpg.rf.eab8eb1651f3178864e87c4f56de17fe.jpg,0,0,1,0
ncd_1_jpg.rf.233b3add65999bbefcfa1000119f22c3.jpg,0,0,1,0
ncd_100_jpg.rf.65bbb6ee9367bb5bb8bbeb13a3249ae9.jpg,0,0,1,0
salmo_21_jpg.rf.fad3950e1f6704b1246db1d0b6042ab8.jpg,0,0,0,1
ncd_169_jpg.rf.0a2234c39a84a16bbe138c5cc841780f.jpg,0,0,1,0
healthy_136_jpg.rf.9c4af4a81ce3d2df8d32182f04e8940d.jpg,0,1,0,0
healthy_140_jpg.rf.6039569db0e83720469c86cfe186f620.jpg,0,1,0,0
ncd_212_jpg.rf.f2efddeb66d725546769cc07c79acf28.jpg,0,0,1,0
cocci_113_jpg.rf.f3985d7b27939b380e2e03a372e03b3e.jpg,1,0,0,0
cocci_94_jpg.rf.1196fc2d30a3658d5f5caecced53472f.jpg,1,0,0,0
healthy_118_jpg.rf.efedbc4842a61ea89cbfbea0cd56990b.jpg,0,1,0,0
ncd_170_jpg.rf.a13a392c00e968cab07a90a6debff394.jpg,0,0,1,0
ncd_151_jpg.rf.b776e4ec56fa6083ad4ccab38f891a8f.jpg,0,0,1,0
healthy_165_jpg.rf.9c1924551f195f42025a43669c4d72a4.jpg,0,1,0,0
healthy_145_jpg.rf.e9e1c7274015a9381ea26a2aab7b8c07.jpg,0,1,0,0
salmo_40_jpg.rf.a8613bce070d255eb339e0679b693172.jpg,0,0,0,1
healthy_50_jpg.rf.f3b516769f801a2fe3c0b824d09e9040.jpg,0,1,0,0
ncd_131_jpg.rf.763fed49a28b50ee23047c53207e85c5.jpg,0,0,1,0
salmo_184_jpg.rf.696e691c95552f26be19a043924a97e1.jpg,0,0,0,1
ncd_1_jpg.rf.e7b7b693d11f62549813526499bcfc95.jpg,0,0,1,0
healthy_147_jpg.rf.89240782e51e8656072ba139e39677a1.jpg,0,1,0,0
ncd_190_jpg.rf.78f084d524581426e9cc3a58f162e1a5.jpg,0,0,1,0
healthy_35_jpg.rf.f002143a927c8b83e5b9b81180a3c866.jpg,0,1,0,0
cocci_78_jpg.rf.7af72a48d51255463092c4e8aa9d0e51.jpg,1,0,0,0
ncd_176_jpg.rf.9dc490b72ee22d9dbe92ec7c941fc78a.jpg,0,0,1,0
ncd_94_jpg.rf.c5fbbe03887ad22ddbfd05dfd8f07144.jpg,0,0,1,0
ncd_138_jpg.rf.f1225a53d4ffb47a74244609c22a19d5.jpg,0,0,1,0
healthy_76_jpg.rf.51dd2a26f5659d3413798f14888e2b94.jpg,0,1,0,0